SE001_genome.fa,SE002_genome.fa,SE003_genome.fa,SE004_genome.fa,SE005_genome.fa,SE006_genome.fa,SE007_genome.fa,SE008_genome.fa,SE009_genome.fa,SE010_genome.fa,SE011_genome.fa,SE012_genome.fa,SE013_genome.fa,SE014_genome.fa,SE015_genome.fa,SE016_genome.fa,SE017_genome.fa,SE018_genome.fa,SE019_genome.fa,SE020_genome.fa,SE021_genome.fa,SE022_genome.fa,SE023_genome.fa,SE024_genome.fa,SE025_genome.fa,SE026_genome.fa,SE027_genome.fa,SE028_genome.fa,SE029_genome.fa,SE030_genome.fa,SE031_genome.fa,SE032_genome.fa,SE033_genome.fa,SE034_genome.fa,SE035_genome.fa,SE036_genome.fa,SE037_genome.fa,SE038_genome.fa,SE039_genome.fa,SE040_genome.fa,SE041_genome.fa,SE042_genome.fa,SE043_genome.fa,SE044_genome.fa,SE045_genome.fa,SE046_genome.fa,SE047_genome.fa,SE048_genome.fa,SE049_genome.fa,SE050_genome.fa,SE051_genome.fa,SE052_genome.fa,SE053_genome.fa,SE054_genome.fa,SE055_genome.fa,SE056_genome.fa,SE057_genome.fa,SE058_genome.fa,SE059_genome.fa,SE060_genome.fa,SE061_genome.fa,SE062_genome.fa,SE063_genome.fa,SE064_genome.fa,SE065_genome.fa,SE066_genome.fa,SE067_genome.fa,SE068_genome.fa,SE069_genome.fa,SE070_genome.fa,SE071_genome.fa,SE072_genome.fa,SE073_genome.fa,SE074_genome.fa,SE075_genome.fa,SE076_genome.fa,SE077_genome.fa,SE078_genome.fa,SE079_genome.fa,SE080_genome.fa,SE081_genome.fa,SE082_genome.fa,SE083_genome.fa,SE084_genome.fa,SE085_genome.fa,SE086_genome.fa,SE087_genome.fa,SE088_genome.fa,SE089_genome.fa,SE090_genome.fa,SE091_genome.fa,SE092_genome.fa,SE093_genome.fa,SE094_genome.fa,SE095_genome.fa,SE096_genome.fa
0,0.005986,0.006009,0.005991,0.005999,0.005932,0.00611,0.005578,0.006068,0.00592,0.005995,0.005125,0.006019,0.004999,0.005629,0.005282,0.005439,0.052295,0.005682,0.004751,0.006268,0.004633,0.005994,0.005996,0.005996,0.058763,0.060216,0.058285,0.057706,0.057923,0.057503,0.058154,0.05978,0.056821,0.05912,0.059666,0.005809,0.05937,0.005396,0.005787,0.005992,0.005523,0.005773,0.058292,0.005882,0.058193,0.005902,0.00588,0.005697,0.004835,0.005662,0.00601,0.005754,0.00574,0.00596,0.005649,0.00584,0.005679,0.005671,0.005784,0.005642,0.005661,0.004638,0.000384,0.005649,0.005695,0.005649,0.005898,0.005779,0.005877,0.005652,0.005697,0.056916,0.05791,0.005645,0.005649,0.005651,0.005883,0.058271,0.060213,0.058325,0.005653,0.057863,0.005653,0.058317,0.058336,0.058316,0.058316,0.058883,0.058502,0.058314,0.058314,0.052289,0.058272,0.05229,0.05912
0.005986,0,0.000582,0.000575,0.000746,0.000655,0.000755,0.003472,0.000619,0.004671,0.00062,0.004774,0.000597,0.005713,0.004941,0.006182,0.005998,0.052876,0.005203,0.006682,0.000595,0.006429,0.00062,0.000621,0.000622,0.059387,0.058837,0.059267,0.057458,0.058955,0.058375,0.058893,0.059829,0.058148,0.060312,0.060863,0.004528,0.060034,0.00605,0.004447,0.005064,0.005932,0.004495,0.059497,0.004679,0.058528,0.004506,0.004946,0.0046,0.0059,0.004357,0.004932,0.004519,0.004562,0.004912,0.005016,0.005059,0.004912,0.004942,0.004536,0.005024,0.005025,0.006433,0.005796,0.005019,0.004962,0.005017,0.004734,0.004459,0.004945,0.005021,0.004993,0.059382,0.058421,0.004992,0.005019,0.005003,0.004936,0.058827,0.059008,0.057847,0.005021,0.05946,0.005021,0.057897,0.0594,0.057908,0.057898,0.059395,0.057958,0.05948,0.057895,0.052878,0.057899,0.052877,0.060312
0.006009,0.000582,0,0.000497,0.000498,0.000633,0.000739,0.00361,0.000521,0.004698,0.000521,0.004951,0.000463,0.005693,0.005073,0.00621,0.006013,0.052762,0.005335,0.006653,0.000552,0.006525,0.000522,0.000523,0.000524,0.059342,0.059335,0.059694,0.057716,0.058841,0.058548,0.058747,0.059896,0.058078,0.060381,0.060824,0.004618,0.06003,0.006032,0.004593,0.005078,0.005981,0.00466,0.059381,0.004781,0.05872,0.004678,0.00498,0.004665,0.005652,0.004495,0.005008,0.004693,0.004764,0.005057,0.005102,0.005141,0.005021,0.00502,0.004615,0.005084,0.005108,0.006531,0.005796,0.005105,0.005006,0.005102,0.004718,0.004609,0.004979,0.005106,0.005032,0.059493,0.058469,0.005044,0.005104,0.005112,0.005067,0.059312,0.059003,0.057891,0.005105,0.05944,0.005104,0.058037,0.059643,0.058032,0.058039,0.059172,0.057952,0.05936,0.058036,0.052763,0.05804,0.052763,0.060381
0.005991,0.000575,0.000497,0,0.00037,0.000612,0.00057,0.003528,0.000366,0.004716,0.000397,0.004862,0.000345,0.005565,0.004944,0.006076,0.005971,0.052924,0.005164,0.006432,0.000554,0.006214,0.000398,0.000399,0.0004,0.059201,0.059227,0.059574,0.057455,0.058604,0.058605,0.058786,0.059841,0.057884,0.060244,0.060871,0.004512,0.059814,0.005873,0.004565,0.005021,0.005935,0.004484,0.059195,0.004811,0.058727,0.004452,0.004877,0.004408,0.005603,0.004455,0.004994,0.004634,0.004482,0.004866,0.004923,0.005003,0.004821,0.004872,0.004373,0.004861,0.004932,0.006219,0.005852,0.004926,0.004888,0.004924,0.004729,0.00444,0.004876,0.004927,0.004948,0.059386,0.05832,0.004876,0.004925,0.004901,0.004872,0.059362,0.059268,0.057888,0.004927,0.059307,0.004927,0.057839,0.059367,0.057851,0.057841,0.058942,0.057935,0.059176,0.057837,0.052927,0.057842,0.052926,0.060244
0.005999,0.000746,0.000498,0.00037,0,0.00077,0.000624,0.003603,0.000401,0.004545,0.000431,0.005023,0.000389,0.005614,0.004763,0.006115,0.005963,0.052696,0.005083,0.006431,0.000599,0.006294,0.000432,0.000433,0.000434,0.059137,0.059094,0.059494,0.057273,0.058591,0.058499,0.058633,0.059666,0.057834,0.060238,0.060879,0.004473,0.059719,0.005886,0.004526,0.004911,0.005955,0.004459,0.059067,0.004741,0.05847,0.004389,0.004837,0.004395,0.005759,0.004415,0.004871,0.00455,0.004473,0.004802,0.004854,0.004963,0.004743,0.004824,0.004313,0.004817,0.004861,0.0063,0.0059,0.004856,0.004834,0.004854,0.004636,0.004303,0.004836,0.004858,0.004899,0.059418,0.058084,0.004804,0.004856,0.004831,0.004812,0.059098,0.059063,0.057883,0.004859,0.059248,0.004858,0.057727,0.059292,0.05773,0.057729,0.058936,0.057805,0.059047,0.057726,0.052698,0.057731,0.052698,0.060238
0.005932,0.000655,0.000633,0.000612,0.00077,0,0.000702,0.003488,0.000704,0.004628,0.000705,0.004828,0.000684,0.005633,0.005019,0.006182,0.005888,0.05267,0.005206,0.006483,0.000619,0.006536,0.000705,0.000706,0.000707,0.059118,0.059033,0.059553,0.057627,0.058848,0.058849,0.058773,0.059697,0.05789,0.060267,0.060866,0.004542,0.059851,0.006012,0.004473,0.005027,0.005845,0.004483,0.059467,0.00468,0.058762,0.004584,0.004795,0.00463,0.005737,0.004347,0.004832,0.004561,0.004603,0.004941,0.004966,0.005153,0.004941,0.00499,0.004502,0.005041,0.004973,0.006542,0.005704,0.004968,0.004891,0.004966,0.004705,0.004504,0.004794,0.00497,0.004905,0.059382,0.058572,0.004906,0.004968,0.00497,0.004931,0.059371,0.059042,0.05804,0.00497,0.059387,0.004969,0.058097,0.059426,0.058109,0.058099,0.059008,0.057809,0.05941,0.058096,0.052668,0.058101,0.052668,0.060267
0.00611,0.000755,0.000739,0.00057,0.000624,0.000702,0,0.003557,0.000585,0.004738,0.000616,0.00502,0.000538,0.005714,0.004763,0.006226,0.006109,0.052617,0.005108,0.006462,0.000642,0.006463,0.000616,0.000617,0.000618,0.059092,0.059155,0.059715,0.057364,0.058595,0.059046,0.058683,0.05966,0.057918,0.060374,0.060994,0.004571,0.059928,0.006176,0.00456,0.005112,0.00607,0.004461,0.059406,0.004838,0.05882,0.004459,0.004866,0.004459,0.005855,0.004459,0.005023,0.004667,0.00446,0.00481,0.00487,0.004967,0.004759,0.00482,0.004391,0.004813,0.004877,0.00647,0.005998,0.004872,0.00487,0.00487,0.004785,0.004367,0.004864,0.004874,0.004937,0.059393,0.058667,0.004818,0.004871,0.004783,0.0048,0.059278,0.059002,0.058356,0.004874,0.059564,0.004874,0.058135,0.059484,0.058136,0.058135,0.0589,0.058055,0.05937,0.058133,0.052618,0.058137,0.052617,0.060374
0.005578,0.003472,0.00361,0.003528,0.003603,0.003488,0.003557,0,0.003499,0.004472,0.003539,0.004555,0.003523,0.005805,0.004779,0.006008,0.005888,0.053496,0.005062,0.006587,0.003439,0.006231,0.003538,0.003539,0.00354,0.059014,0.05958,0.059343,0.057927,0.059241,0.058679,0.058541,0.06011,0.058501,0.059722,0.06044,0.00433,0.0604,0.005845,0.004477,0.004776,0.005943,0.004271,0.059626,0.004557,0.058962,0.004435,0.004708,0.004763,0.005713,0.004335,0.004571,0.004529,0.004622,0.00459,0.004603,0.004893,0.004614,0.004737,0.004337,0.004833,0.004602,0.006236,0.005682,0.004602,0.004688,0.004603,0.004498,0.004513,0.004707,0.004605,0.004771,0.059033,0.059003,0.004583,0.004602,0.00459,0.004726,0.059205,0.059463,0.058235,0.004606,0.059665,0.004606,0.057986,0.059252,0.05799,0.057988,0.058893,0.058383,0.05961,0.057985,0.053489,0.05799,0.053489,0.059722
0.006068,0.000619,0.000521,0.000366,0.000401,0.000704,0.000585,0.003499,0,0.004698,0.000365,0.004803,0.00038,0.005638,0.004925,0.005942,0.005883,0.05312,0.005185,0.00639,0.000492,0.006214,0.000366,0.000367,0.000368,0.05904,0.059202,0.059632,0.05752,0.058604,0.058703,0.058612,0.059838,0.057872,0.060235,0.060912,0.004516,0.059935,0.005936,0.004571,0.005045,0.005851,0.004548,0.05928,0.004813,0.058887,0.004509,0.0049,0.004438,0.005664,0.004467,0.004965,0.004661,0.004615,0.004884,0.004839,0.004966,0.004851,0.004847,0.004488,0.00496,0.004849,0.00622,0.005859,0.004842,0.004939,0.00484,0.00472,0.004506,0.004898,0.004844,0.004998,0.05934,0.058363,0.004794,0.004842,0.004763,0.004894,0.059358,0.059277,0.05785,0.004844,0.059216,0.004843,0.057852,0.059417,0.057865,0.057854,0.058849,0.057848,0.059261,0.05785,0.053121,0.057855,0.053121,0.060235
0.00592,0.004671,0.004698,0.004716,0.004545,0.004628,0.004738,0.004472,0.004698,0,0.004648,0.004601,0.004692,0.005863,0.003684,0.005868,0.005725,0.053159,0.004728,0.006114,0.004753,0.005599,0.00465,0.00465,0.00465,0.059201,0.061626,0.057609,0.058417,0.058743,0.058077,0.060216,0.059779,0.057941,0.05766,0.058995,0.000573,0.059352,0.005676,0.000712,0.000723,0.00569,0.000855,0.059873,0.000685,0.059506,0.00086,0.003554,0.000861,0.005876,0.000736,0.000783,0.00067,0.00081,0.00366,0.00371,0.003631,0.003679,0.003536,0.000815,0.003658,0.003718,0.00561,0.005781,0.003712,0.003549,0.003711,0.000358,0.000836,0.003551,0.003715,0.003548,0.057726,0.058007,0.003759,0.003712,0.003645,0.003662,0.05973,0.0618,0.058669,0.003715,0.059439,0.003715,0.058613,0.0601,0.058616,0.058613,0.059195,0.05905,0.059877,0.058611,0.053133,0.058616,0.053134,0.057659
0.005995,0.00062,0.000521,0.000397,0.000431,0.000705,0.000616,0.003539,0.000365,0.004648,0,0.004824,0.00041,0.005637,0.004969,0.005969,0.005876,0.053026,0.005184,0.006403,0.000492,0.006216,1.20E-05,1.30E-05,1.40E-05,0.059017,0.059209,0.05967,0.057456,0.058603,0.058664,0.058636,0.059796,0.057855,0.060272,0.060967,0.004513,0.059853,0.00594,0.004568,0.005053,0.005836,0.004549,0.059271,0.004816,0.058778,0.004505,0.004906,0.004461,0.005667,0.004461,0.004936,0.004657,0.004614,0.004894,0.004884,0.004993,0.004848,0.004892,0.004486,0.005005,0.004893,0.006222,0.005905,0.004887,0.004936,0.004885,0.00472,0.004504,0.004905,0.004889,0.004996,0.059397,0.058334,0.004839,0.004886,0.004872,0.004903,0.059308,0.059278,0.05795,0.004889,0.059186,0.004888,0.057805,0.059405,0.0578,0.057807,0.058848,0.057908,0.059254,0.057803,0.053029,0.057808,0.053028,0.060271
0.005125,0.004774,0.004951,0.004862,0.005023,0.004828,0.00502,0.004555,0.004803,0.004601,0.004824,0,0.004857,0.005559,0.004511,0.005526,0.005671,0.052434,0.003775,0.006274,0.004895,0.006265,0.004824,0.004824,0.00483,0.058457,0.059766,0.058106,0.057536,0.058624,0.057876,0.058321,0.059552,0.057469,0.058152,0.05936,0.004453,0.060553,0.005584,0.004516,0.004868,0.005647,0.004422,0.058859,0.00459,0.057864,0.004491,0.004662,0.004879,0.005496,0.004478,0.004702,0.004505,0.004567,0.004579,0.004623,0.004622,0.00455,0.004514,0.004445,0.004569,0.004632,0.006271,0.005204,0.004625,0.004548,0.004623,0.004556,0.004529,0.004661,0.004627,0.004588,0.058337,0.057851,0.004592,0.004625,0.004584,0.004759,0.058023,0.059756,0.057824,0.004627,0.059027,0.004627,0.057886,0.058907,0.057892,0.057889,0.058728,0.058192,0.058847,0.057886,0.052434,0.057892,0.052434,0.058152
0.006019,0.000597,0.000463,0.000345,0.000389,0.000684,0.000538,0.003523,0.00038,0.004692,0.00041,0.004857,0,0.005576,0.004959,0.00606,0.006029,0.052901,0.005172,0.006465,0.000569,0.006278,0.000402,0.000403,0.000404,0.059232,0.05924,0.0596,0.057448,0.05862,0.058521,0.058656,0.059768,0.057852,0.060263,0.060927,0.004564,0.059759,0.005914,0.004615,0.005014,0.005979,0.004526,0.059198,0.004859,0.058558,0.004503,0.004917,0.004441,0.005637,0.0045,0.004973,0.004671,0.004549,0.004851,0.00494,0.005002,0.004835,0.004905,0.004441,0.004883,0.004948,0.006284,0.005908,0.004943,0.004926,0.004941,0.00468,0.004494,0.004916,0.004944,0.004987,0.059375,0.058265,0.004893,0.004942,0.004919,0.004859,0.059216,0.059273,0.05805,0.004944,0.059251,0.004944,0.057887,0.059273,0.05789,0.057888,0.058986,0.057919,0.059181,0.057885,0.052936,0.05789,0.052936,0.060263
0.004999,0.005713,0.005693,0.005565,0.005614,0.005633,0.005714,0.005805,0.005638,0.005863,0.005637,0.005559,0.005576,0,0.005873,0.004522,0.004677,0.051163,0.005989,0.005449,0.005779,0.00542,0.005638,0.005639,0.005639,0.057944,0.058236,0.058174,0.056743,0.057773,0.058117,0.05716,0.05803,0.056808,0.059381,0.059463,0.005845,0.059605,0.004812,0.005775,0.005769,0.004645,0.005686,0.058478,0.005972,0.057732,0.005831,0.00575,0.005786,0.00045,0.005654,0.005905,0.005861,0.005766,0.005743,0.005771,0.005844,0.005717,0.005694,0.005758,0.005809,0.005775,0.005425,0.005044,0.005773,0.00575,0.005772,0.005824,0.005745,0.005749,0.005775,0.005752,0.057893,0.058825,0.00571,0.005774,0.005765,0.00575,0.057795,0.058106,0.058195,0.005776,0.05798,0.005775,0.058046,0.058367,0.058049,0.058048,0.057846,0.058315,0.058466,0.058044,0.051163,0.058049,0.051162,0.059381
0.005629,0.004941,0.005073,0.004944,0.004763,0.005019,0.004763,0.004779,0.004925,0.003684,0.004969,0.004511,0.004959,0.005873,0,0.006215,0.005887,0.05259,0.00463,0.006596,0.004966,0.006134,0.004969,0.004969,0.004971,0.058716,0.06054,0.058121,0.057786,0.058641,0.057844,0.05862,0.059616,0.057582,0.05758,0.057975,0.003492,0.060753,0.005883,0.00378,0.00397,0.005839,0.003469,0.059705,0.003896,0.058775,0.003662,0.000431,0.003739,0.005914,0.003727,0.00382,0.003814,0.003889,0.000438,0.000432,0.000319,0.000424,0.000445,0.003742,0.000288,0.00044,0.00614,0.005677,0.000434,0.000409,0.000433,0.003832,0.003737,0.000429,0.000436,0.000418,0.058546,0.05797,0.000438,0.000434,0.00044,0.000404,0.058896,0.060738,0.057952,0.000437,0.059647,0.000437,0.058009,0.05947,0.058015,0.058013,0.058777,0.058225,0.059712,0.058009,0.052588,0.058015,0.052589,0.05758
0.005282,0.006182,0.00621,0.006076,0.006115,0.006182,0.006226,0.006008,0.005942,0.005868,0.005969,0.005526,0.00606,0.004522,0.006215,0,0.004183,0.051035,0.005993,0.005836,0.006301,0.005674,0.005969,0.005969,0.00597,0.057831,0.058011,0.057269,0.056202,0.057524,0.05767,0.056859,0.058398,0.056205,0.05866,0.059021,0.005822,0.059182,0.004177,0.005655,0.006027,0.004054,0.005785,0.057521,0.005991,0.056806,0.005804,0.00603,0.006009,0.004534,0.005625,0.005971,0.005785,0.005816,0.005968,0.005943,0.006186,0.005912,0.006046,0.005761,0.006177,0.00595,0.005679,0.005284,0.005945,0.005954,0.005943,0.005774,0.005854,0.006028,0.005946,0.006051,0.057462,0.057584,0.005922,0.005945,0.005999,0.006007,0.057111,0.057917,0.057012,0.005947,0.057327,0.005946,0.056895,0.057468,0.056887,0.056886,0.057708,0.056529,0.057527,0.056894,0.051033,0.056886,0.051032,0.05866
0.005439,0.005998,0.006013,0.005971,0.005963,0.005888,0.006109,0.005888,0.005883,0.005725,0.005876,0.005671,0.006029,0.004677,0.005887,0.004183,0,0.049839,0.005778,0.005474,0.006053,0.005612,0.005876,0.005876,0.005877,0.057171,0.059086,0.05584,0.05548,0.056811,0.055808,0.058206,0.05714,0.055543,0.056046,0.056552,0.005732,0.057684,0.000328,0.005774,0.00574,0.000135,0.005921,0.057575,0.005777,0.056502,0.006083,0.006039,0.005846,0.004649,0.0057,0.005654,0.005743,0.005917,0.006044,0.005997,0.00603,0.006029,0.005882,0.005958,0.005953,0.006007,0.005619,0.005381,0.006,0.006031,0.005998,0.005555,0.006086,0.006036,0.006002,0.006039,0.05511,0.056226,0.006005,0.006001,0.005989,0.006069,0.05642,0.059354,0.05732,0.006001,0.056725,0.006001,0.057084,0.057991,0.057086,0.057085,0.057209,0.057545,0.05757,0.057083,0.049831,0.057086,0.049831,0.056045
0.052295,0.052876,0.052762,0.052924,0.052696,0.05267,0.052617,0.053496,0.05312,0.053159,0.053026,0.052434,0.052901,0.051163,0.05259,0.051035,0.049839,0,0.053338,0.052577,0.052753,0.052423,0.053058,0.053059,0.053056,0.01439,0.016779,0.014455,0.014186,0.015533,0.014131,0.0154,0.015856,0.013728,0.014629,0.015249,0.053257,0.016081,0.049657,0.053417,0.053346,0.049837,0.053156,0.015841,0.053277,0.014773,0.053227,0.052709,0.052971,0.051289,0.053198,0.053219,0.053542,0.052996,0.052705,0.052727,0.053133,0.052657,0.052759,0.053042,0.052661,0.052736,0.052425,0.052381,0.052729,0.052666,0.052727,0.053144,0.05309,0.052708,0.052728,0.052693,0.013935,0.013943,0.05274,0.052729,0.05266,0.052755,0.014811,0.016981,0.015103,0.052734,0.01583,0.052734,0.014681,0.015992,0.014684,0.014683,0.014437,0.014992,0.015838,0.014681,6.00E-06,0.014685,6.00E-06,0.014628
0.005682,0.005203,0.005335,0.005164,0.005083,0.005206,0.005108,0.005062,0.005185,0.004728,0.005184,0.003775,0.005172,0.005989,0.00463,0.005993,0.005778,0.053338,0,0.00648,0.005261,0.00619,0.005184,0.005183,0.005185,0.05923,0.061126,0.057642,0.05802,0.058626,0.057851,0.058708,0.05956,0.057321,0.058348,0.058712,0.004706,0.060706,0.005808,0.004852,0.004933,0.005758,0.004736,0.059795,0.004956,0.058863,0.004823,0.004603,0.004802,0.0059,0.004769,0.004943,0.00488,0.004739,0.00469,0.004617,0.004662,0.004832,0.004694,0.004801,0.004572,0.004624,0.006196,0.005723,0.004618,0.004778,0.004617,0.00482,0.004814,0.004601,0.004621,0.00439,0.057917,0.058359,0.00486,0.004618,0.004763,0.004697,0.058613,0.060975,0.058251,0.004621,0.059266,0.004621,0.058297,0.059525,0.058301,0.058299,0.059414,0.058648,0.05978,0.058296,0.053336,0.058299,0.053336,0.058347
0.004751,0.006682,0.006653,0.006432,0.006431,0.006483,0.006462,0.006587,0.00639,0.006114,0.006403,0.006274,0.006465,0.005449,0.006596,0.005836,0.005474,0.052577,0.00648,0,0.006572,0.003892,0.006403,0.006404,0.006404,0.057863,0.060258,0.059206,0.05722,0.058951,0.059099,0.058013,0.059232,0.057529,0.060169,0.060411,0.006191,0.060316,0.005695,0.006335,0.006252,0.005512,0.006299,0.057908,0.006321,0.058938,0.006368,0.006485,0.006401,0.005531,0.00634,0.006077,0.006194,0.006167,0.006475,0.006412,0.006715,0.006528,0.006598,0.006266,0.006583,0.006419,0.003896,0.004784,0.006415,0.006508,0.006413,0.006147,0.006227,0.006485,0.006416,0.006505,0.058715,0.058639,0.006436,0.006415,0.006474,0.00648,0.059039,0.060088,0.059104,0.006416,0.058249,0.006416,0.059129,0.058211,0.059129,0.059129,0.057817,0.058907,0.05789,0.059127,0.052573,0.059132,0.052572,0.060169
0.006268,0.000595,0.000552,0.000554,0.000599,0.000619,0.000642,0.003439,0.000492,0.004753,0.000492,0.004895,0.000569,0.005779,0.004966,0.006301,0.006053,0.052753,0.005261,0.006572,0,0.006483,0.000493,0.000493,0.000494,0.058827,0.059052,0.0598,0.057329,0.058632,0.058983,0.05856,0.059452,0.057582,0.060184,0.061065,0.00474,0.060054,0.006239,0.004765,0.005169,0.006014,0.004757,0.05913,0.004988,0.05923,0.004719,0.005064,0.004561,0.00583,0.004671,0.005148,0.004852,0.004624,0.004994,0.004984,0.005158,0.004988,0.005099,0.004681,0.004991,0.004993,0.006489,0.006218,0.004987,0.005068,0.004985,0.004876,0.00468,0.005064,0.004988,0.005104,0.059453,0.05858,0.004943,0.004986,0.00497,0.005,0.059736,0.058937,0.058619,0.004988,0.059099,0.004987,0.058523,0.059393,0.058523,0.058523,0.058828,0.058051,0.059109,0.058521,0.052753,0.058524,0.052752,0.060184
0.004633,0.006429,0.006525,0.006214,0.006294,0.006536,0.006463,0.006231,0.006214,0.005599,0.006216,0.006265,0.006278,0.00542,0.006134,0.005674,0.005612,0.052423,0.00619,0.003892,0.006483,0,0.006215,0.006217,0.006217,0.057922,0.059221,0.0591,0.056616,0.058876,0.059136,0.056663,0.058762,0.057021,0.058481,0.060137,0.00574,0.060278,0.005667,0.005681,0.005984,0.005582,0.005744,0.057935,0.005682,0.057617,0.005835,0.006083,0.005874,0.005231,0.005789,0.006177,0.005628,0.005442,0.006247,0.006123,0.006232,0.006168,0.006075,0.005805,0.006105,0.006126,9.00E-06,0.004317,0.006124,0.006131,0.006123,0.00542,0.00581,0.006083,0.006126,0.006144,0.058946,0.058453,0.006034,0.006124,0.006134,0.006198,0.057913,0.05936,0.057728,0.006126,0.058482,0.006126,0.057327,0.058266,0.057328,0.057328,0.057621,0.057263,0.057917,0.057325,0.052425,0.05733,0.052424,0.05848
0.005994,0.00062,0.000522,0.000398,0.000432,0.000705,0.000616,0.003538,0.000366,0.00465,1.20E-05,0.004824,0.000402,0.005638,0.004969,0.005969,0.005876,0.053058,0.005184,0.006403,0.000493,0.006215,0,4.00E-06,5.00E-06,0.059016,0.059227,0.059672,0.057454,0.058604,0.058689,0.058637,0.059797,0.057859,0.060271,0.060969,0.004515,0.059853,0.00594,0.004571,0.005054,0.005836,0.004552,0.059269,0.004817,0.058779,0.004508,0.004907,0.004462,0.005667,0.004464,0.004937,0.004659,0.004617,0.004895,0.004886,0.004995,0.004849,0.004892,0.004489,0.005005,0.004895,0.006221,0.005921,0.004888,0.004936,0.004887,0.004722,0.004507,0.004906,0.00489,0.004997,0.059399,0.058334,0.00484,0.004888,0.004873,0.004904,0.059308,0.059281,0.057971,0.00489,0.059189,0.004889,0.057826,0.059404,0.057838,0.057828,0.058849,0.057909,0.059252,0.057824,0.05306,0.057829,0.05306,0.06027
0.005996,0.000621,0.000523,0.000399,0.000433,0.000706,0.000617,0.003539,0.000367,0.00465,1.30E-05,0.004824,0.000403,0.005639,0.004969,0.005969,0.005876,0.053059,0.005183,0.006404,0.000493,0.006217,4.00E-06,0,4.00E-06,0.059016,0.059227,0.059673,0.057455,0.058605,0.058689,0.058638,0.059797,0.057859,0.060271,0.060971,0.004515,0.059854,0.00594,0.00457,0.005054,0.005836,0.004552,0.05927,0.004816,0.05878,0.004507,0.004907,0.004462,0.005668,0.004463,0.004937,0.004658,0.004617,0.004894,0.004885,0.004995,0.004849,0.004892,0.004488,0.005005,0.004894,0.006223,0.005906,0.004888,0.004936,0.004886,0.004721,0.004507,0.004905,0.004889,0.004997,0.059399,0.058335,0.00484,0.004887,0.004873,0.004903,0.05931,0.059282,0.057975,0.004889,0.059188,0.004889,0.057828,0.059404,0.05784,0.057829,0.058848,0.057909,0.059254,0.057826,0.053062,0.057831,0.053061,0.060271
0.005996,0.000622,0.000524,0.0004,0.000434,0.000707,0.000618,0.00354,0.000368,0.00465,1.40E-05,0.00483,0.000404,0.005639,0.004971,0.00597,0.005877,0.053056,0.005185,0.006404,0.000494,0.006217,5.00E-06,4.00E-06,0,0.058957,0.059226,0.059673,0.057454,0.058602,0.058684,0.058639,0.059798,0.05786,0.060269,0.06097,0.004516,0.059855,0.005941,0.004571,0.005055,0.005837,0.004553,0.05927,0.004817,0.058779,0.004508,0.004909,0.004462,0.005669,0.004464,0.004937,0.004659,0.004618,0.004897,0.004887,0.004996,0.004851,0.004894,0.00449,0.005007,0.004896,0.006223,0.005906,0.00489,0.004938,0.004888,0.004722,0.004508,0.004908,0.004892,0.004999,0.059399,0.058329,0.004842,0.004889,0.004875,0.004905,0.059309,0.059281,0.057972,0.004892,0.059188,0.004891,0.057825,0.059405,0.057837,0.057826,0.058848,0.057908,0.059253,0.057823,0.053058,0.057828,0.053058,0.060269
0.058763,0.059387,0.059342,0.059201,0.059137,0.059118,0.059092,0.059014,0.05904,0.059201,0.059017,0.058457,0.059232,0.057944,0.058716,0.057831,0.057171,0.01439,0.05923,0.057863,0.058827,0.057922,0.059016,0.059016,0.058957,0,0.017343,0.0132,0.012378,0.012827,0.015159,0.013247,0.011474,0.012756,0.011103,0.011414,0.05921,0.0167,0.057279,0.059306,0.059056,0.057176,0.059343,0.016567,0.059138,0.010792,0.05938,0.058686,0.059197,0.057847,0.059331,0.059098,0.059299,0.059161,0.058728,0.05871,0.058105,0.058748,0.058928,0.059377,0.058745,0.05874,0.057923,0.058847,0.058712,0.058799,0.058711,0.059308,0.059411,0.058685,0.058712,0.05878,0.013749,0.01525,0.058652,0.058712,0.058733,0.05859,0.010923,0.017548,0.012304,0.058713,0.013334,0.058713,0.012085,0.016587,0.01209,0.012088,0.000363,0.012285,0.016561,0.012084,0.014405,0.01209,0.014406,0.011103
0.060216,0.058837,0.059335,0.059227,0.059094,0.059033,0.059155,0.05958,0.059202,0.061626,0.059209,0.059766,0.05924,0.058236,0.06054,0.058011,0.059086,0.016779,0.061126,0.060258,0.059052,0.059221,0.059227,0.059227,0.059226,0.017343,0,0.01637,0.017308,0.0169,0.012422,0.017428,0.017572,0.016503,0.017425,0.018142,0.061485,0.010763,0.059222,0.061524,0.061961,0.058914,0.061154,0.010221,0.061766,0.018126,0.061524,0.060756,0.061714,0.058044,0.06139,0.061907,0.061843,0.061514,0.060963,0.060869,0.060774,0.060885,0.06038,0.061506,0.060629,0.060871,0.059223,0.060119,0.06087,0.060807,0.060869,0.061731,0.061443,0.060753,0.060871,0.060834,0.016598,0.012644,0.060824,0.06087,0.060869,0.060823,0.018121,0.000491,0.017712,0.060871,0.017489,0.060872,0.017244,0.01022,0.017244,0.017243,0.017393,0.017478,0.010227,0.017241,0.016778,0.017246,0.016779,0.017426
0.058285,0.059267,0.059694,0.059574,0.059494,0.059553,0.059715,0.059343,0.059632,0.057609,0.05967,0.058106,0.0596,0.058174,0.058121,0.057269,0.05584,0.014455,0.057642,0.059206,0.0598,0.0591,0.059672,0.059673,0.059673,0.0132,0.01637,0,0.01313,0.013486,0.015089,0.013625,0.013887,0.009156,0.01269,0.014158,0.056967,0.015977,0.056137,0.057143,0.057502,0.05593,0.056827,0.015763,0.057708,0.014478,0.057086,0.057945,0.057445,0.057948,0.056813,0.057677,0.057093,0.057515,0.057972,0.057926,0.058811,0.057873,0.058158,0.057112,0.058086,0.057968,0.059103,0.058406,0.057926,0.057981,0.057925,0.057733,0.057048,0.057942,0.057927,0.057985,0.00155,0.014944,0.05796,0.057927,0.057915,0.05793,0.014533,0.016584,0.013709,0.057929,0.013423,0.057928,0.013489,0.015819,0.01349,0.013488,0.01326,0.013741,0.015753,0.013486,0.014457,0.013489,0.014457,0.012692
0.057706,0.057458,0.057716,0.057455,0.057273,0.057627,0.057364,0.057927,0.05752,0.058417,0.057456,0.057536,0.057448,0.056743,0.057786,0.056202,0.05548,0.014186,0.05802,0.05722,0.057329,0.056616,0.057454,0.057455,0.057454,0.012378,0.017308,0.01313,0,0.013412,0.015697,0.010677,0.013746,0.01215,0.012661,0.013274,0.058543,0.016561,0.055606,0.05875,0.058353,0.055468,0.058694,0.016423,0.058366,0.012941,0.058498,0.057676,0.058386,0.056699,0.058567,0.058094,0.058791,0.058498,0.057874,0.057602,0.058448,0.057689,0.057876,0.05854,0.057684,0.057632,0.056619,0.05723,0.057604,0.057759,0.057601,0.058631,0.058413,0.057674,0.057602,0.057737,0.012808,0.015162,0.057649,0.057604,0.057653,0.05796,0.013072,0.017358,0.012885,0.057604,0.011564,0.057604,0.012663,0.016551,0.012668,0.012667,0.012404,0.012917,0.016422,0.012661,0.014179,0.012668,0.014179,0.01266
0.057923,0.058955,0.058841,0.058604,0.058591,0.058848,0.058595,0.059241,0.058604,0.058743,0.058603,0.058624,0.05862,0.057773,0.058641,0.057524,0.056811,0.015533,0.058626,0.058951,0.058632,0.058876,0.058604,0.058605,0.058602,0.012827,0.0169,0.013486,0.013412,0,0.015777,0.01373,0.012743,0.013801,0.010291,0.013203,0.058702,0.017731,0.056694,0.058927,0.058914,0.056728,0.058806,0.017621,0.059147,0.012968,0.058696,0.058546,0.058908,0.057728,0.058681,0.059247,0.058703,0.059153,0.058521,0.058677,0.059328,0.058723,0.058608,0.058639,0.05863,0.058664,0.058881,0.058181,0.058679,0.058526,0.058677,0.058671,0.058695,0.058543,0.058678,0.058556,0.013314,0.015811,0.05863,0.058679,0.05869,0.058606,0.012903,0.016942,0.001256,0.058686,0.013534,0.058687,0.000985,0.017499,0.000988,0.000987,0.012775,0.001216,0.017611,0.000984,0.015529,0.00099,0.015529,0.010291
0.057503,0.058375,0.058548,0.058605,0.058499,0.058849,0.059046,0.058679,0.058703,0.058077,0.058664,0.057876,0.058521,0.058117,0.057844,0.05767,0.055808,0.014131,0.057851,0.059099,0.058983,0.059136,0.058689,0.058689,0.058684,0.015159,0.012422,0.015089,0.015697,0.015777,0,0.015622,0.016199,0.014055,0.015291,0.01577,0.058284,0.012311,0.056013,0.058161,0.058482,0.055847,0.058176,0.012251,0.058168,0.015717,0.05832,0.058079,0.058256,0.058173,0.058036,0.058389,0.058386,0.057986,0.057979,0.058078,0.05795,0.058124,0.057688,0.058179,0.057909,0.0581,0.059137,0.057358,0.058081,0.057913,0.058078,0.058339,0.058261,0.058078,0.05808,0.057879,0.014394,0.000972,0.058132,0.058084,0.058075,0.057897,0.015482,0.012451,0.015867,0.05808,0.015828,0.058081,0.015802,0.012298,0.015803,0.015802,0.015207,0.015685,0.012249,0.0158,0.014131,0.015803,0.01413,0.015291
0.058154,0.058893,0.058747,0.058786,0.058633,0.058773,0.058683,0.058541,0.058612,0.060216,0.058636,0.058321,0.058656,0.05716,0.05862,0.056859,0.058206,0.0154,0.058708,0.058013,0.05856,0.056663,0.058637,0.058638,0.058639,0.013247,0.017428,0.013625,0.010677,0.01373,0.015622,0,0.014233,0.01328,0.013235,0.014178,0.060311,0.017534,0.058032,0.060288,0.060279,0.058175,0.060296,0.017088,0.06061,0.014012,0.060529,0.05874,0.060309,0.057399,0.060248,0.060215,0.06029,0.060378,0.058968,0.058805,0.058124,0.058782,0.058617,0.060367,0.0588,0.058836,0.056667,0.058568,0.058807,0.058821,0.058805,0.060209,0.060457,0.058741,0.058806,0.05882,0.013904,0.015715,0.058801,0.058806,0.058856,0.058821,0.014029,0.017597,0.013088,0.058807,0.001171,0.058808,0.013247,0.017086,0.013249,0.013246,0.013083,0.013221,0.017092,0.013244,0.015403,0.013249,0.015404,0.013236
0.05978,0.059829,0.059896,0.059841,0.059666,0.059697,0.05966,0.06011,0.059838,0.059779,0.059796,0.059552,0.059768,0.05803,0.059616,0.058398,0.05714,0.015856,0.05956,0.059232,0.059452,0.058762,0.059797,0.059797,0.059798,0.011474,0.017572,0.013887,0.013746,0.012743,0.016199,0.014233,0,0.014066,0.013037,0.010144,0.059484,0.018237,0.057076,0.05941,0.059943,0.057175,0.059555,0.017424,0.059581,0.009774,0.059487,0.059646,0.059386,0.057889,0.05937,0.059852,0.059586,0.059609,0.059716,0.059631,0.05949,0.059693,0.059709,0.059617,0.059606,0.059658,0.058766,0.059807,0.059634,0.059749,0.059632,0.059732,0.059502,0.059645,0.059632,0.059774,0.014142,0.016188,0.059607,0.059634,0.059644,0.059651,0.010085,0.017528,0.013015,0.059635,0.014151,0.059634,0.013051,0.017388,0.013054,0.013052,0.011305,0.013187,0.017421,0.013049,0.015857,0.013055,0.015858,0.013037
0.056821,0.058148,0.058078,0.057884,0.057834,0.05789,0.057918,0.058501,0.057872,0.057941,0.057855,0.057469,0.057852,0.056808,0.057582,0.056205,0.055543,0.013728,0.057321,0.057529,0.057582,0.057021,0.057859,0.057859,0.05786,0.012756,0.016503,0.009156,0.01215,0.013801,0.014055,0.01328,0.014066,0,0.012802,0.013421,0.058,0.016153,0.0554,0.057989,0.058215,0.055635,0.057797,0.016005,0.058044,0.013057,0.057979,0.057387,0.058014,0.056504,0.057873,0.058118,0.058026,0.057798,0.057671,0.057361,0.058292,0.057404,0.057583,0.058087,0.057467,0.057379,0.057024,0.056583,0.057364,0.057527,0.057361,0.057801,0.05796,0.057386,0.057362,0.057524,0.009072,0.013798,0.057355,0.057364,0.057338,0.057344,0.012894,0.016856,0.013828,0.057363,0.01355,0.057363,0.013427,0.016084,0.01343,0.013428,0.012994,0.013454,0.016002,0.013425,0.013721,0.013431,0.013722,0.012802
0.05912,0.060312,0.060381,0.060244,0.060238,0.060267,0.060374,0.059722,0.060235,0.05766,0.060272,0.058152,0.060263,0.059381,0.05758,0.05866,0.056046,0.014629,0.058348,0.060169,0.060184,0.058481,0.060271,0.060271,0.060269,0.011103,0.017425,0.01269,0.012661,0.010291,0.015291,0.013235,0.013037,0.012802,0,0.012525,0.057405,0.016399,0.055989,0.057527,0.057476,0.055854,0.057418,0.015963,0.057528,0.012118,0.05781,0.057084,0.057518,0.059395,0.057388,0.057513,0.05733,0.057574,0.05699,0.057223,0.057617,0.05703,0.057585,0.057662,0.057393,0.057255,0.058497,0.05914,0.057227,0.057203,0.057223,0.057519,0.057697,0.05708,0.057224,0.057181,0.012901,0.0152,0.057253,0.057227,0.057198,0.056894,0.012351,0.017354,0.010079,0.057225,0.013421,0.057225,0.010053,0.01627,0.010054,0.010052,0.010994,0.010113,0.015989,0.01005,0.014629,0.010054,0.014629,1.00E-06
0.059666,0.060863,0.060824,0.060871,0.060879,0.060866,0.060994,0.06044,0.060912,0.058995,0.060967,0.05936,0.060927,0.059463,0.057975,0.059021,0.056552,0.015249,0.058712,0.060411,0.061065,0.060137,0.060969,0.060971,0.06097,0.011414,0.018142,0.014158,0.013274,0.013203,0.01577,0.014178,0.010144,0.013421,0.012525,0,0.058752,0.017646,0.056619,0.058888,0.059193,0.056604,0.058887,0.017675,0.058865,0.005458,0.058714,0.057863,0.059093,0.059125,0.05876,0.059193,0.058972,0.058737,0.057947,0.05788,0.057797,0.057919,0.057965,0.058764,0.05793,0.05792,0.060129,0.059833,0.057882,0.058023,0.05788,0.058859,0.05876,0.05786,0.057882,0.057915,0.013601,0.016275,0.057906,0.057883,0.05793,0.057892,0.005172,0.018295,0.013193,0.057883,0.014528,0.057882,0.012861,0.017561,0.012862,0.01286,0.011571,0.012963,0.01767,0.012858,0.015248,0.012862,0.015249,0.012525
0.005809,0.004528,0.004618,0.004512,0.004473,0.004542,0.004571,0.00433,0.004516,0.000573,0.004513,0.004453,0.004564,0.005845,0.003492,0.005822,0.005732,0.053257,0.004706,0.006191,0.00474,0.00574,0.004515,0.004515,0.004516,0.05921,0.061485,0.056967,0.058543,0.058702,0.058284,0.060311,0.059484,0.058,0.057405,0.058752,0,0.059407,0.005905,0.000486,0.000927,0.005676,0.000589,0.059987,0.00049,0.059878,0.000676,0.003784,0.00074,0.005665,0.00049,0.000911,0.000426,0.000602,0.003685,0.003654,0.003709,0.003657,0.003553,0.00065,0.003619,0.00366,0.005743,0.005895,0.003656,0.00363,0.003654,0.000578,0.000614,0.003781,0.003658,0.003744,0.057504,0.058179,0.003627,0.003656,0.003602,0.003732,0.059735,0.061535,0.058174,0.003658,0.059628,0.003658,0.058405,0.059891,0.05841,0.058407,0.059201,0.058597,0.059973,0.058404,0.053253,0.05841,0.053255,0.057404
0.05937,0.060034,0.06003,0.059814,0.059719,0.059851,0.059928,0.0604,0.059935,0.059352,0.059853,0.060553,0.059759,0.059605,0.060753,0.059182,0.057684,0.016081,0.060706,0.060316,0.060054,0.060278,0.059853,0.059854,0.059855,0.0167,0.010763,0.015977,0.016561,0.017731,0.012311,0.017534,0.018237,0.016153,0.016399,0.017646,0.059407,0,0.057965,0.059621,0.059552,0.057782,0.059707,0.006287,0.059394,0.017177,0.059625,0.060446,0.059991,0.059409,0.059457,0.059768,0.059532,0.05961,0.060427,0.060552,0.060465,0.060501,0.060864,0.059945,0.060654,0.06058,0.06028,0.05958,0.060553,0.060517,0.060551,0.059446,0.059937,0.060445,0.06055,0.060509,0.016871,0.012286,0.060532,0.060553,0.060544,0.060324,0.017387,0.010593,0.017032,0.060554,0.017476,0.060554,0.017033,0.006352,0.01703,0.017034,0.016856,0.017161,0.006287,0.017031,0.016085,0.017036,0.016085,0.0164
0.005396,0.00605,0.006032,0.005873,0.005886,0.006012,0.006176,0.005845,0.005936,0.005676,0.00594,0.005584,0.005914,0.004812,0.005883,0.004177,0.000328,0.049657,0.005808,0.005695,0.006239,0.005667,0.00594,0.00594,0.005941,0.057279,0.059222,0.056137,0.055606,0.056694,0.056013,0.058032,0.057076,0.0554,0.055989,0.056619,0.005905,0.057965,0,0.005939,0.005778,0.000379,0.005923,0.057487,0.005937,0.056376,0.006052,0.00602,0.005934,0.004676,0.00586,0.005655,0.00587,0.005974,0.005911,0.005962,0.005991,0.005999,0.005862,0.005983,0.005918,0.005973,0.005673,0.005344,0.005966,0.006006,0.005963,0.005605,0.00606,0.006017,0.005968,0.006014,0.054967,0.056221,0.00597,0.005967,0.005957,0.005978,0.056461,0.059278,0.057319,0.005967,0.056491,0.005967,0.05716,0.057991,0.057162,0.057162,0.057294,0.057502,0.057479,0.057159,0.049649,0.057163,0.04965,0.055989
0.005787,0.004447,0.004593,0.004565,0.004526,0.004473,0.00456,0.004477,0.004571,0.000712,0.004568,0.004516,0.004615,0.005775,0.00378,0.005655,0.005774,0.053417,0.004852,0.006335,0.004765,0.005681,0.004571,0.00457,0.004571,0.059306,0.061524,0.057143,0.05875,0.058927,0.058161,0.060288,0.05941,0.057989,0.057527,0.058888,0.000486,0.059621,0.005939,0,0.001012,0.005745,0.000598,0.060046,0.000524,0.059863,0.000709,0.003917,0.000796,0.005593,0.000207,0.000913,0.000548,0.000655,0.003914,0.003846,0.00391,0.003891,0.003818,0.000695,0.003897,0.003853,0.005689,0.005847,0.003849,0.003863,0.003847,0.000721,0.000711,0.003914,0.003851,0.00387,0.057499,0.058128,0.003882,0.003849,0.003794,0.003959,0.059875,0.061565,0.058368,0.003851,0.059566,0.003851,0.058499,0.059949,0.058503,0.058501,0.059367,0.058813,0.060037,0.058498,0.053414,0.058504,0.053415,0.057526
0.005992,0.005064,0.005078,0.005021,0.004911,0.005027,0.005112,0.004776,0.005045,0.000723,0.005053,0.004868,0.005014,0.005769,0.00397,0.006027,0.00574,0.053346,0.004933,0.006252,0.005169,0.005984,0.005054,0.005054,0.005055,0.059056,0.061961,0.057502,0.058353,0.058914,0.058482,0.060279,0.059943,0.058215,0.057476,0.059193,0.000927,0.059552,0.005778,0.001012,0,0.005744,0.000993,0.060245,0.000904,0.059902,0.000999,0.003943,0.00106,0.005901,0.001007,0.000512,0.000829,0.000921,0.003912,0.003956,0.00407,0.003937,0.003868,0.000869,0.003979,0.003962,0.005988,0.005895,0.003957,0.003953,0.003956,0.000622,0.000957,0.003939,0.00396,0.003953,0.057776,0.058749,0.003881,0.003957,0.003954,0.00393,0.059607,0.062186,0.059127,0.00396,0.059562,0.00396,0.058819,0.060605,0.058823,0.058821,0.059185,0.059295,0.060242,0.058818,0.053324,0.058824,0.053325,0.057476
0.005523,0.005932,0.005981,0.005935,0.005955,0.005845,0.00607,0.005943,0.005851,0.00569,0.005836,0.005647,0.005979,0.004645,0.005839,0.004054,0.000135,0.049837,0.005758,0.005512,0.006014,0.005582,0.005836,0.005836,0.005837,0.057176,0.058914,0.05593,0.055468,0.056728,0.055847,0.058175,0.057175,0.055635,0.055854,0.056604,0.005676,0.057782,0.000379,0.005745,0.005744,0,0.005847,0.057713,0.005745,0.056441,0.006055,0.005985,0.005834,0.004629,0.005651,0.005658,0.005713,0.005874,0.006026,0.005937,0.006066,0.005989,0.005837,0.005894,0.00589,0.005947,0.005588,0.005435,0.00594,0.005973,0.005937,0.005525,0.006018,0.005982,0.005942,0.00598,0.05493,0.05641,0.005946,0.005941,0.005928,0.006038,0.05643,0.059196,0.057378,0.005941,0.056632,0.005941,0.057208,0.058003,0.05721,0.05721,0.057224,0.057616,0.057709,0.057207,0.049829,0.05721,0.04983,0.055853
0.005773,0.004495,0.00466,0.004484,0.004459,0.004483,0.004461,0.004271,0.004548,0.000855,0.004549,0.004422,0.004526,0.005686,0.003469,0.005785,0.005921,0.053156,0.004736,0.006299,0.004757,0.005744,0.004552,0.004552,0.004553,0.059343,0.061154,0.056827,0.058694,0.058806,0.058176,0.060296,0.059555,0.057797,0.057418,0.058887,0.000589,0.059707,0.005923,0.000598,0.000993,0.005847,0,0.060096,0.000678,0.059974,0.000679,0.003709,0.000715,0.005654,0.000492,0.001032,0.000582,0.000606,0.003697,0.003618,0.003554,0.003658,0.003568,0.000612,0.003592,0.003624,0.005749,0.00582,0.00362,0.003651,0.003618,0.000835,0.000605,0.003706,0.003621,0.003709,0.057669,0.058191,0.003593,0.00362,0.003563,0.00374,0.060001,0.061348,0.057988,0.003621,0.059653,0.003622,0.058283,0.059928,0.058288,0.058285,0.059223,0.058655,0.060095,0.058282,0.053135,0.058287,0.053136,0.057417
0.058292,0.059497,0.059381,0.059195,0.059067,0.059467,0.059406,0.059626,0.05928,0.059873,0.059271,0.058859,0.059198,0.058478,0.059705,0.057521,0.057575,0.015841,0.059795,0.057908,0.05913,0.057935,0.059269,0.05927,0.05927,0.016567,0.010221,0.015763,0.016423,0.017621,0.012251,0.017088,0.017424,0.016005,0.015963,0.017675,0.059987,0.006287,0.057487,0.060046,0.060245,0.057713,0.060096,0,0.060043,0.017468,0.060076,0.059679,0.06017,0.058601,0.060021,0.060356,0.059944,0.060068,0.059646,0.059856,0.059538,0.059836,0.05975,0.060143,0.059669,0.059888,0.057949,0.05818,0.05986,0.059867,0.059856,0.059978,0.060178,0.059682,0.059858,0.059856,0.016554,0.012123,0.059869,0.059859,0.059873,0.059714,0.017418,0.010218,0.017184,0.059858,0.017278,0.059857,0.016929,0.000672,0.01693,0.016928,0.016633,0.017025,2.10E-05,0.016926,0.015837,0.01693,0.015837,0.015963
0.005882,0.004679,0.004781,0.004811,0.004741,0.00468,0.004838,0.004557,0.004813,0.000685,0.004816,0.00459,0.004859,0.005972,0.003896,0.005991,0.005777,0.053277,0.004956,0.006321,0.004988,0.005682,0.004817,0.004816,0.004817,0.059138,0.061766,0.057708,0.058366,0.059147,0.058168,0.06061,0.059581,0.058044,0.057528,0.058865,0.00049,0.059394,0.005937,0.000524,0.000904,0.005745,0.000678,0.060043,0,0.059928,0.000753,0.004063,0.000847,0.005809,0.000547,0.000859,0.0005,0.000572,0.003984,0.003947,0.004081,0.004006,0.003908,0.000715,0.003977,0.003954,0.005689,0.006007,0.003949,0.003978,0.003947,0.000693,0.000738,0.004061,0.00395,0.003981,0.05762,0.058023,0.00392,0.003949,0.003948,0.004036,0.05967,0.061916,0.058509,0.003951,0.059626,0.003951,0.058484,0.060289,0.058487,0.058485,0.059232,0.058808,0.060039,0.058482,0.05327,0.058488,0.053271,0.057527
0.058193,0.058528,0.05872,0.058727,0.05847,0.058762,0.05882,0.058962,0.058887,0.059506,0.058778,0.057864,0.058558,0.057732,0.058775,0.056806,0.056502,0.014773,0.058863,0.058938,0.05923,0.057617,0.058779,0.05878,0.058779,0.010792,0.018126,0.014478,0.012941,0.012968,0.015717,0.014012,0.009774,0.013057,0.012118,0.005458,0.059878,0.017177,0.056376,0.059863,0.059902,0.056441,0.059974,0.017468,0.059928,0,0.059918,0.058978,0.05951,0.057938,0.059914,0.059709,0.059799,0.059605,0.05905,0.058835,0.059303,0.058836,0.058789,0.059838,0.058717,0.058846,0.057621,0.057996,0.058835,0.05886,0.058835,0.059526,0.05988,0.058977,0.058835,0.05886,0.013923,0.015665,0.058738,0.058836,0.058772,0.058835,0.000655,0.018354,0.012744,0.058837,0.013808,0.058837,0.012506,0.017497,0.012506,0.012505,0.010805,0.012527,0.017463,0.012504,0.014771,0.012507,0.01477,0.012118
0.005902,0.004506,0.004678,0.004452,0.004389,0.004584,0.004459,0.004435,0.004509,0.00086,0.004505,0.004491,0.004503,0.005831,0.003662,0.005804,0.006083,0.053227,0.004823,0.006368,0.004719,0.005835,0.004508,0.004507,0.004508,0.05938,0.061524,0.057086,0.058498,0.058696,0.05832,0.060529,0.059487,0.057979,0.05781,0.058714,0.000676,0.059625,0.006052,0.000709,0.000999,0.006055,0.000679,0.060076,0.000753,0.059918,0,0.003846,0.000716,0.005678,0.000678,0.001097,0.000608,0.000609,0.003804,0.00378,0.003826,0.003802,0.003874,0.000449,0.003718,0.003786,0.005834,0.005886,0.003782,0.003723,0.003781,0.000789,0.000449,0.003843,0.003784,0.003769,0.057675,0.058308,0.003837,0.003782,0.003741,0.003863,0.059906,0.061611,0.058243,0.003784,0.059597,0.003784,0.058559,0.060063,0.058562,0.058559,0.059426,0.058587,0.06007,0.058557,0.053223,0.058561,0.053224,0.057809
0.00588,0.004946,0.00498,0.004877,0.004837,0.004795,0.004866,0.004708,0.0049,0.003554,0.004906,0.004662,0.004917,0.00575,0.000431,0.00603,0.006039,0.052709,0.004603,0.006485,0.005064,0.006083,0.004907,0.004907,0.004909,0.058686,0.060756,0.057945,0.057676,0.058546,0.058079,0.05874,0.059646,0.057387,0.057084,0.057863,0.003784,0.060446,0.00602,0.003917,0.003943,0.005985,0.003709,0.059679,0.004063,0.058978,0.003846,0,0.003671,0.00567,0.003854,0.00392,0.003909,0.003707,0.000437,0.000375,0.000539,0.000568,0.000476,0.003835,0.000407,0.000381,0.006088,0.005915,0.000377,0.000477,0.000375,0.003699,0.003842,4.00E-06,0.000379,0.000306,0.058583,0.058125,0.000576,0.000377,0.00055,0.000422,0.059032,0.060814,0.057869,0.000379,0.059641,0.000379,0.058076,0.059312,0.05808,0.058078,0.058613,0.058358,0.059673,0.058075,0.052709,0.05808,0.05271,0.057083
0.005697,0.0046,0.004665,0.004408,0.004395,0.00463,0.004459,0.004763,0.004438,0.000861,0.004461,0.004879,0.004441,0.005786,0.003739,0.006009,0.005846,0.052971,0.004802,0.006401,0.004561,0.005874,0.004462,0.004462,0.004462,0.059197,0.061714,0.057445,0.058386,0.058908,0.058256,0.060309,0.059386,0.058014,0.057518,0.059093,0.00074,0.059991,0.005934,0.000796,0.00106,0.005834,0.000715,0.06017,0.000847,0.05951,0.000716,0.003671,0,0.005697,0.000756,0.000966,0.000875,0.00066,0.003804,0.003691,0.003684,0.003787,0.003801,0.000694,0.003549,0.003697,0.005879,0.005661,0.003693,0.003765,0.003692,0.000823,0.000722,0.003668,0.003695,0.003723,0.057901,0.058192,0.003781,0.003693,0.003718,0.003844,0.059653,0.061862,0.058228,0.003695,0.059835,0.003695,0.058422,0.060047,0.058426,0.058423,0.059048,0.058599,0.060164,0.058421,0.052968,0.058425,0.052969,0.057517
0.004835,0.0059,0.005652,0.005603,0.005759,0.005737,0.005855,0.005713,0.005664,0.005876,0.005667,0.005496,0.005637,0.00045,0.005914,0.004534,0.004649,0.051289,0.0059,0.005531,0.00583,0.005231,0.005667,0.005668,0.005669,0.057847,0.058044,0.057948,0.056699,0.057728,0.058173,0.057399,0.057889,0.056504,0.059395,0.059125,0.005665,0.059409,0.004676,0.005593,0.005901,0.004629,0.005654,0.058601,0.005809,0.057938,0.005678,0.00567,0.005697,0,0.005541,0.005946,0.005683,0.005679,0.0057,0.005769,0.006002,0.005614,0.00578,0.005713,0.00583,0.005775,0.005236,0.004893,0.005771,0.005656,0.00577,0.005847,0.005672,0.00567,0.005773,0.005666,0.058002,0.058868,0.005706,0.005771,0.005771,0.005655,0.057717,0.057941,0.058184,0.005774,0.05772,0.005774,0.057906,0.05806,0.0579,0.057907,0.057867,0.058326,0.05859,0.057904,0.05129,0.057907,0.05129,0.059395
0.005662,0.004357,0.004495,0.004455,0.004415,0.004347,0.004459,0.004335,0.004467,0.000736,0.004461,0.004478,0.0045,0.005654,0.003727,0.005625,0.0057,0.053198,0.004769,0.00634,0.004671,0.005789,0.004464,0.004463,0.004464,0.059331,0.06139,0.056813,0.058567,0.058681,0.058036,0.060248,0.05937,0.057873,0.057388,0.05876,0.00049,0.059457,0.00586,0.000207,0.001007,0.005651,0.000492,0.060021,0.000547,0.059914,0.000678,0.003854,0.000756,0.005541,0,0.000912,0.000531,0.000571,0.00382,0.003785,0.003745,0.003808,0.003767,0.000604,0.003843,0.003792,0.005794,0.005722,0.003788,0.003811,0.003786,0.000746,0.000659,0.003851,0.003789,0.003816,0.057445,0.058148,0.003821,0.003788,0.003733,0.00387,0.059902,0.061391,0.058172,0.003789,0.059431,0.00379,0.058453,0.059626,0.058458,0.058455,0.059253,0.058633,0.060017,0.058451,0.053195,0.058458,0.053196,0.057387
0.00601,0.004932,0.005008,0.004994,0.004871,0.004832,0.005023,0.004571,0.004965,0.000783,0.004936,0.004702,0.004973,0.005905,0.00382,0.005971,0.005654,0.053219,0.004943,0.006077,0.005148,0.006177,0.004937,0.004937,0.004937,0.059098,0.061907,0.057677,0.058094,0.059247,0.058389,0.060215,0.059852,0.058118,0.057513,0.059193,0.000911,0.059768,0.005655,0.000913,0.000512,0.005658,0.001032,0.060356,0.000859,0.059709,0.001097,0.00392,0.000966,0.005946,0.000912,0,0.000767,0.000914,0.003888,0.003847,0.00401,0.003823,0.00385,0.000917,0.003863,0.003852,0.006185,0.005879,0.003848,0.003842,0.003847,0.00061,0.001081,0.003916,0.003851,0.003882,0.057782,0.058411,0.00387,0.003848,0.003843,0.003905,0.059475,0.062413,0.059171,0.003851,0.059676,0.003851,0.058902,0.06055,0.058906,0.058903,0.0592,0.059322,0.060343,0.058901,0.053172,0.058906,0.053173,0.057512
0.005754,0.004519,0.004693,0.004634,0.00455,0.004561,0.004667,0.004529,0.004661,0.00067,0.004657,0.004505,0.004671,0.005861,0.003814,0.005785,0.005743,0.053542,0.00488,0.006194,0.004852,0.005628,0.004659,0.004658,0.004659,0.059299,0.061843,0.057093,0.058791,0.058703,0.058386,0.06029,0.059586,0.058026,0.05733,0.058972,0.000426,0.059532,0.00587,0.000548,0.000829,0.005713,0.000582,0.059944,0.0005,0.059799,0.000608,0.003909,0.000875,0.005683,0.000531,0.000767,0,0.000639,0.003987,0.003878,0.003842,0.003836,0.003847,0.000593,0.003863,0.003875,0.005631,0.005803,0.00388,0.003872,0.003879,0.000679,0.00061,0.003906,0.003882,0.003876,0.057644,0.058239,0.00385,0.00388,0.003805,0.004035,0.05973,0.061921,0.058356,0.003882,0.059813,0.003882,0.058562,0.060101,0.058566,0.058563,0.059153,0.05876,0.059938,0.058561,0.053537,0.058566,0.053539,0.05733
0.00574,0.004562,0.004764,0.004482,0.004473,0.004603,0.00446,0.004622,0.004615,0.00081,0.004614,0.004567,0.004549,0.005766,0.003889,0.005816,0.005917,0.052996,0.004739,0.006167,0.004624,0.005442,0.004617,0.004617,0.004618,0.059161,0.061514,0.057515,0.058498,0.059153,0.057986,0.060378,0.059609,0.057798,0.057574,0.058737,0.000602,0.05961,0.005974,0.000655,0.000921,0.005874,0.000606,0.060068,0.000572,0.059605,0.000609,0.003707,0.00066,0.005679,0.000571,0.000914,0.000639,0,0.003753,0.003882,0.003912,0.003829,0.003868,0.000641,0.003818,0.003892,0.005454,0.005777,0.003884,0.003805,0.003882,0.000898,0.000589,0.003704,0.003885,0.003777,0.057779,0.058076,0.003853,0.003883,0.003766,0.003792,0.060022,0.061727,0.058255,0.003886,0.059818,0.003886,0.058526,0.06009,0.058529,0.058527,0.059042,0.05883,0.060052,0.058524,0.052991,0.058529,0.052993,0.057573
0.00596,0.004912,0.005057,0.004866,0.004802,0.004941,0.00481,0.00459,0.004884,0.00366,0.004894,0.004579,0.004851,0.005743,0.000438,0.005968,0.006044,0.052705,0.00469,0.006475,0.004994,0.006247,0.004895,0.004894,0.004897,0.058728,0.060963,0.057972,0.057874,0.058521,0.057979,0.058968,0.059716,0.057671,0.05699,0.057947,0.003685,0.060427,0.005911,0.003914,0.003912,0.006026,0.003697,0.059646,0.003984,0.05905,0.003804,0.000437,0.003804,0.0057,0.00382,0.003888,0.003987,0.003753,0,0.000372,0.000496,0.000542,0.000545,0.003788,0.000379,0.00038,0.006252,0.005981,0.000374,0.000536,0.000373,0.003786,0.003813,0.000434,0.000376,0.00037,0.058371,0.058259,0.000575,0.000374,0.000515,0.000415,0.058937,0.061097,0.058349,0.000376,0.059698,0.000376,0.058384,0.059686,0.058388,0.058386,0.05851,0.058518,0.059652,0.058383,0.052707,0.058388,0.052708,0.05699
0.005649,0.005016,0.005102,0.004923,0.004854,0.004966,0.00487,0.004603,0.004839,0.00371,0.004884,0.004623,0.00494,0.005771,0.000432,0.005943,0.005997,0.052727,0.004617,0.006412,0.004984,0.006123,0.004886,0.004885,0.004887,0.05871,0.060869,0.057926,0.057602,0.058677,0.058078,0.058805,0.059631,0.057361,0.057223,0.05788,0.003654,0.060552,0.005962,0.003846,0.003956,0.005937,0.003618,0.059856,0.003947,0.058835,0.00378,0.000375,0.003691,0.005769,0.003785,0.003847,0.003878,0.003882,0.000372,0,0.000351,0.000363,0.000482,0.003775,0.000362,1.40E-05,0.006128,0.005688,6.00E-06,0.000398,1.00E-06,0.003851,0.003804,0.000373,5.00E-06,0.000397,0.058487,0.058154,0.000504,6.00E-06,0.000352,0.000322,0.058917,0.060829,0.057897,5.00E-06,0.059594,5.00E-06,0.057976,0.059469,0.05798,0.057978,0.05883,0.058224,0.059855,0.057975,0.052722,0.05798,0.052722,0.057222
0.00584,0.005059,0.005141,0.005003,0.004963,0.005153,0.004967,0.004893,0.004966,0.003631,0.004993,0.004622,0.005002,0.005844,0.000319,0.006186,0.00603,0.053133,0.004662,0.006715,0.005158,0.006232,0.004995,0.004995,0.004996,0.058105,0.060774,0.058811,0.058448,0.059328,0.05795,0.058124,0.05949,0.058292,0.057617,0.057797,0.003709,0.060465,0.005991,0.00391,0.00407,0.006066,0.003554,0.059538,0.004081,0.059303,0.003826,0.000539,0.003684,0.006002,0.003745,0.00401,0.003842,0.003912,0.000496,0.000351,0,0.000357,0.000298,0.003788,0.000324,0.000367,0.006238,0.00587,0.000353,0.000358,0.000351,0.003802,0.003767,0.000536,0.000354,0.000409,0.058644,0.058396,0.000355,0.000353,0.000354,0.000534,0.059189,0.060992,0.05784,0.000354,0.059677,0.000354,0.057632,0.059656,0.057638,0.057636,0.05823,0.058087,0.059522,0.057632,0.053131,0.057638,0.053132,0.057617
0.005679,0.004912,0.005021,0.004821,0.004743,0.004941,0.004759,0.004614,0.004851,0.003679,0.004848,0.00455,0.004835,0.005717,0.000424,0.005912,0.006029,0.052657,0.004832,0.006528,0.004988,0.006168,0.004849,0.004849,0.004851,0.058748,0.060885,0.057873,0.057689,0.058723,0.058124,0.058782,0.059693,0.057404,0.05703,0.057919,0.003657,0.060501,0.005999,0.003891,0.003937,0.005989,0.003658,0.059836,0.004006,0.058836,0.003802,0.000568,0.003787,0.005614,0.003808,0.003823,0.003836,0.003829,0.000542,0.000363,0.000357,0,0.000487,0.00378,0.000371,0.000371,0.006173,0.005791,0.000365,0.000579,0.000364,0.003837,0.003852,0.000566,0.000367,0.000581,0.058398,0.058203,0.000579,0.000365,0.000476,0.000538,0.05904,0.060913,0.058054,0.000368,0.059579,0.000368,0.05808,0.059479,0.058085,0.058082,0.058837,0.058422,0.059831,0.058079,0.052654,0.058084,0.052655,0.057029
0.005671,0.004942,0.00502,0.004872,0.004824,0.00499,0.00482,0.004737,0.004847,0.003536,0.004892,0.004514,0.004905,0.005694,0.000445,0.006046,0.005882,0.052759,0.004694,0.006598,0.005099,0.006075,0.004892,0.004892,0.004894,0.058928,0.06038,0.058158,0.057876,0.058608,0.057688,0.058617,0.059709,0.057583,0.057585,0.057965,0.003553,0.060864,0.005862,0.003818,0.003868,0.005837,0.003568,0.05975,0.003908,0.058789,0.003874,0.000476,0.003801,0.00578,0.003767,0.00385,0.003847,0.003868,0.000545,0.000482,0.000298,0.000487,0,0.003911,0.00045,0.00049,0.00608,0.005708,0.000484,0.00048,0.000483,0.003788,0.003829,0.000474,0.000486,0.00048,0.058531,0.058,0.000488,0.000484,0.000486,0.00058,0.058848,0.060695,0.057842,0.000487,0.059648,0.000487,0.058039,0.059696,0.058045,0.058042,0.058832,0.058181,0.059756,0.058039,0.052754,0.058044,0.052754,0.057585
0.005784,0.004536,0.004615,0.004373,0.004313,0.004502,0.004391,0.004337,0.004488,0.000815,0.004486,0.004445,0.004441,0.005758,0.003742,0.005761,0.005958,0.053042,0.004801,0.006266,0.004681,0.005805,0.004489,0.004488,0.00449,0.059377,0.061506,0.057112,0.05854,0.058639,0.058179,0.060367,0.059617,0.058087,0.057662,0.058764,0.00065,0.059945,0.005983,0.000695,0.000869,0.005894,0.000612,0.060143,0.000715,0.059838,0.000449,0.003835,0.000694,0.005713,0.000604,0.000917,0.000593,0.000641,0.003788,0.003775,0.003788,0.00378,0.003911,0,0.003727,0.003783,0.005809,0.005788,0.003777,0.003661,0.003776,0.000748,0.000418,0.003832,0.003779,0.003777,0.057615,0.058314,0.003848,0.003777,0.003716,0.003838,0.059825,0.061554,0.0581,0.003779,0.059515,0.003779,0.058382,0.059943,0.058385,0.058383,0.059388,0.05863,0.060094,0.05838,0.053037,0.058385,0.053039,0.057662
0.005642,0.005024,0.005084,0.004861,0.004817,0.005041,0.004813,0.004833,0.00496,0.003658,0.005005,0.004569,0.004883,0.005809,0.000288,0.006177,0.005953,0.052661,0.004572,0.006583,0.004991,0.006105,0.005005,0.005005,0.005007,0.058745,0.060629,0.058086,0.057684,0.05863,0.057909,0.0588,0.059606,0.057467,0.057393,0.05793,0.003619,0.060654,0.005918,0.003897,0.003979,0.00589,0.003592,0.059669,0.003977,0.058717,0.003718,0.000407,0.003549,0.00583,0.003843,0.003863,0.003863,0.003818,0.000379,0.000362,0.000324,0.000371,0.00045,0.003727,0,0.00037,0.00611,0.00571,0.000364,0.000369,0.000362,0.003793,0.003744,0.000404,0.000366,0.000365,0.058491,0.057969,0.000368,0.000364,0.000365,0.000371,0.058913,0.060783,0.057894,0.000366,0.05956,0.000366,0.057955,0.059511,0.057961,0.057959,0.058687,0.058169,0.059676,0.057956,0.05266,0.057961,0.05266,0.057392
0.005661,0.005025,0.005108,0.004932,0.004861,0.004973,0.004877,0.004602,0.004849,0.003718,0.004893,0.004632,0.004948,0.005775,0.00044,0.00595,0.006007,0.052736,0.004624,0.006419,0.004993,0.006126,0.004895,0.004894,0.004896,0.05874,0.060871,0.057968,0.057632,0.058664,0.0581,0.058836,0.059658,0.057379,0.057255,0.05792,0.00366,0.06058,0.005973,0.003853,0.003962,0.005947,0.003624,0.059888,0.003954,0.058846,0.003786,0.000381,0.003697,0.005775,0.003792,0.003852,0.003875,0.003892,0.00038,1.40E-05,0.000367,0.000371,0.00049,0.003783,0.00037,0,0.006131,0.005701,1.30E-05,0.000405,1.50E-05,0.003849,0.003812,0.000378,1.80E-05,0.000405,0.058463,0.058189,0.000515,1.30E-05,0.000363,0.000333,0.058929,0.060838,0.057809,1.90E-05,0.059671,1.90E-05,0.058016,0.05949,0.05802,0.058018,0.058864,0.058205,0.059886,0.058015,0.052735,0.05802,0.052736,0.057255
0.004638,0.006433,0.006531,0.006219,0.0063,0.006542,0.00647,0.006236,0.00622,0.00561,0.006222,0.006271,0.006284,0.005425,0.00614,0.005679,0.005619,0.052425,0.006196,0.003896,0.006489,9.00E-06,0.006221,0.006223,0.006223,0.057923,0.059223,0.059103,0.056619,0.058881,0.059137,0.056667,0.058766,0.057024,0.058497,0.060129,0.005743,0.06028,0.005673,0.005689,0.005988,0.005588,0.005749,0.057949,0.005689,0.057621,0.005834,0.006088,0.005879,0.005236,0.005794,0.006185,0.005631,0.005454,0.006252,0.006128,0.006238,0.006173,0.00608,0.005809,0.00611,0.006131,0,0.00432,0.00613,0.006137,0.006128,0.005426,0.005812,0.006088,0.006132,0.00615,0.058927,0.058455,0.006039,0.00613,0.006139,0.006202,0.057917,0.059361,0.057721,0.006132,0.058484,0.006132,0.057329,0.058267,0.05733,0.057329,0.057637,0.057265,0.057931,0.057327,0.052427,0.057331,0.052426,0.058497
0.000384,0.005796,0.005796,0.005852,0.0059,0.005704,0.005998,0.005682,0.005859,0.005781,0.005905,0.005204,0.005908,0.005044,0.005677,0.005284,0.005381,0.052381,0.005723,0.004784,0.006218,0.004317,0.005921,0.005906,0.005906,0.058847,0.060119,0.058406,0.05723,0.058181,0.057358,0.058568,0.059807,0.056583,0.05914,0.059833,0.005895,0.05958,0.005344,0.005847,0.005895,0.005435,0.00582,0.05818,0.006007,0.057996,0.005886,0.005915,0.005661,0.004893,0.005722,0.005879,0.005803,0.005777,0.005981,0.005688,0.00587,0.005791,0.005708,0.005788,0.00571,0.005701,0.00432,0,0.005688,0.005754,0.005688,0.005794,0.005776,0.005912,0.005691,0.005759,0.056913,0.057517,0.005678,0.005688,0.005695,0.005966,0.057963,0.060094,0.058516,0.005692,0.057691,0.005692,0.058419,0.058074,0.058419,0.058418,0.058767,0.058713,0.05817,0.058416,0.052371,0.05842,0.052372,0.05914
0.005649,0.005019,0.005105,0.004926,0.004856,0.004968,0.004872,0.004602,0.004842,0.003712,0.004887,0.004625,0.004943,0.005773,0.000434,0.005945,0.006,0.052729,0.004618,0.006415,0.004987,0.006124,0.004888,0.004888,0.00489,0.058712,0.06087,0.057926,0.057604,0.058679,0.058081,0.058807,0.059634,0.057364,0.057227,0.057882,0.003656,0.060553,0.005966,0.003849,0.003957,0.00594,0.00362,0.05986,0.003949,0.058835,0.003782,0.000377,0.003693,0.005771,0.003788,0.003848,0.00388,0.003884,0.000374,6.00E-06,0.000353,0.000365,0.000484,0.003777,0.000364,1.30E-05,0.00613,0.005688,0,0.0004,6.00E-06,0.003853,0.003807,0.000374,9.00E-06,0.000399,0.05849,0.058157,0.000508,1.00E-06,0.000357,0.000327,0.058941,0.060832,0.0579,1.00E-05,0.059597,1.00E-05,0.057979,0.059472,0.057983,0.057981,0.058834,0.058227,0.059859,0.057978,0.052723,0.057983,0.052724,0.057226
0.005695,0.004962,0.005006,0.004888,0.004834,0.004891,0.00487,0.004688,0.004939,0.003549,0.004936,0.004548,0.004926,0.00575,0.000409,0.005954,0.006031,0.052666,0.004778,0.006508,0.005068,0.006131,0.004936,0.004936,0.004938,0.058799,0.060807,0.057981,0.057759,0.058526,0.057913,0.058821,0.059749,0.057527,0.057203,0.058023,0.00363,0.060517,0.006006,0.003863,0.003953,0.005973,0.003651,0.059867,0.003978,0.05886,0.003723,0.000477,0.003765,0.005656,0.003811,0.003842,0.003872,0.003805,0.000536,0.000398,0.000358,0.000579,0.00048,0.003661,0.000369,0.000405,0.006137,0.005754,0.0004,0,0.000398,0.00379,0.003792,0.000475,0.000401,0.000426,0.058456,0.058075,0.000613,0.0004,0.000548,0.000537,0.058962,0.060846,0.057854,0.000402,0.059604,0.000402,0.058026,0.059594,0.058031,0.058029,0.058785,0.058238,0.059869,0.058025,0.052661,0.058031,0.052662,0.057203
0.005649,0.005017,0.005102,0.004924,0.004854,0.004966,0.00487,0.004603,0.00484,0.003711,0.004885,0.004623,0.004941,0.005772,0.000433,0.005943,0.005998,0.052727,0.004617,0.006413,0.004985,0.006123,0.004887,0.004886,0.004888,0.058711,0.060869,0.057925,0.057601,0.058677,0.058078,0.058805,0.059632,0.057361,0.057223,0.05788,0.003654,0.060551,0.005963,0.003847,0.003956,0.005937,0.003618,0.059856,0.003947,0.058835,0.003781,0.000375,0.003692,0.00577,0.003786,0.003847,0.003879,0.003882,0.000373,1.00E-06,0.000351,0.000364,0.000483,0.003776,0.000362,1.50E-05,0.006128,0.005688,6.00E-06,0.000398,0,0.003852,0.003805,0.000373,3.00E-06,0.000397,0.058487,0.058155,0.000502,6.00E-06,0.000351,0.000321,0.058917,0.060829,0.057898,4.00E-06,0.059594,4.00E-06,0.057977,0.059469,0.057981,0.057979,0.058832,0.058225,0.059856,0.057976,0.052721,0.057981,0.052722,0.057222
0.005898,0.004734,0.004718,0.004729,0.004636,0.004705,0.004785,0.004498,0.00472,0.000358,0.00472,0.004556,0.00468,0.005824,0.003832,0.005774,0.005555,0.053144,0.00482,0.006147,0.004876,0.00542,0.004722,0.004721,0.004722,0.059308,0.061731,0.057733,0.058631,0.058671,0.058339,0.060209,0.059732,0.057801,0.057519,0.058859,0.000578,0.059446,0.005605,0.000721,0.000622,0.005525,0.000835,0.059978,0.000693,0.059526,0.000789,0.003699,0.000823,0.005847,0.000746,0.00061,0.000679,0.000898,0.003786,0.003851,0.003802,0.003837,0.003788,0.000748,0.003793,0.003849,0.005426,0.005794,0.003853,0.00379,0.003852,0,0.000767,0.003696,0.003856,0.003774,0.05793,0.058129,0.003872,0.003853,0.003785,0.003786,0.059706,0.061881,0.058518,0.003856,0.059363,0.003856,0.0585,0.060002,0.058504,0.058501,0.059341,0.058968,0.06002,0.058499,0.053139,0.058504,0.05314,0.057519
0.005779,0.004459,0.004609,0.00444,0.004303,0.004504,0.004367,0.004513,0.004506,0.000836,0.004504,0.004529,0.004494,0.005745,0.003737,0.005854,0.006086,0.05309,0.004814,0.006227,0.00468,0.00581,0.004507,0.004507,0.004508,0.059411,0.061443,0.057048,0.058413,0.058695,0.058261,0.060457,0.059502,0.05796,0.057697,0.05876,0.000614,0.059937,0.00606,0.000711,0.000957,0.006018,0.000605,0.060178,0.000738,0.05988,0.000449,0.003842,0.000722,0.005672,0.000659,0.001081,0.00061,0.000589,0.003813,0.003804,0.003767,0.003852,0.003829,0.000418,0.003744,0.003812,0.005812,0.005776,0.003807,0.003792,0.003805,0.000767,0,0.003839,0.003808,0.003793,0.057607,0.058378,0.003861,0.003807,0.003745,0.003864,0.059859,0.061608,0.058275,0.003809,0.059522,0.003809,0.058532,0.05999,0.058535,0.058532,0.059412,0.058742,0.060173,0.05853,0.053087,0.058535,0.053088,0.057697
0.005877,0.004945,0.004979,0.004876,0.004836,0.004794,0.004864,0.004707,0.004898,0.003551,0.004905,0.004661,0.004916,0.005749,0.000429,0.006028,0.006036,0.052708,0.004601,0.006485,0.005064,0.006083,0.004906,0.004905,0.004908,0.058685,0.060753,0.057942,0.057674,0.058543,0.058078,0.058741,0.059645,0.057386,0.05708,0.05786,0.003781,0.060445,0.006017,0.003914,0.003939,0.005982,0.003706,0.059682,0.004061,0.058977,0.003843,4.00E-06,0.003668,0.00567,0.003851,0.003916,0.003906,0.003704,0.000434,0.000373,0.000536,0.000566,0.000474,0.003832,0.000404,0.000378,0.006088,0.005912,0.000374,0.000475,0.000373,0.003696,0.003839,0,0.000376,0.000304,0.05858,0.058124,0.000573,0.000374,0.000547,0.00042,0.059031,0.060812,0.057903,0.000377,0.05964,0.000377,0.058074,0.059311,0.058078,0.058076,0.058612,0.058356,0.059676,0.058073,0.052707,0.058078,0.052708,0.057079
0.005652,0.005021,0.005106,0.004927,0.004858,0.00497,0.004874,0.004605,0.004844,0.003715,0.004889,0.004627,0.004944,0.005775,0.000436,0.005946,0.006002,0.052728,0.004621,0.006416,0.004988,0.006126,0.00489,0.004889,0.004892,0.058712,0.060871,0.057927,0.057602,0.058678,0.05808,0.058806,0.059632,0.057362,0.057224,0.057882,0.003658,0.06055,0.005968,0.003851,0.00396,0.005942,0.003621,0.059858,0.00395,0.058835,0.003784,0.000379,0.003695,0.005773,0.003789,0.003851,0.003882,0.003885,0.000376,5.00E-06,0.000354,0.000367,0.000486,0.003779,0.000366,1.80E-05,0.006132,0.005691,9.00E-06,0.000401,3.00E-06,0.003856,0.003808,0.000376,0,0.000401,0.058488,0.058157,0.000504,9.00E-06,0.000352,0.000322,0.058917,0.06083,0.057899,5.00E-06,0.059594,5.00E-06,0.057978,0.059471,0.057982,0.05798,0.058834,0.058226,0.059857,0.057977,0.052723,0.057982,0.052723,0.057224
0.005697,0.004993,0.005032,0.004948,0.004899,0.004905,0.004937,0.004771,0.004998,0.003548,0.004996,0.004588,0.004987,0.005752,0.000418,0.006051,0.006039,0.052693,0.00439,0.006505,0.005104,0.006144,0.004997,0.004997,0.004999,0.05878,0.060834,0.057985,0.057737,0.058556,0.057879,0.05882,0.059774,0.057524,0.057181,0.057915,0.003744,0.060509,0.006014,0.00387,0.003953,0.00598,0.003709,0.059856,0.003981,0.05886,0.003769,0.000306,0.003723,0.005666,0.003816,0.003882,0.003876,0.003777,0.00037,0.000397,0.000409,0.000581,0.00048,0.003777,0.000365,0.000405,0.00615,0.005759,0.000399,0.000426,0.000397,0.003774,0.003793,0.000304,0.000401,0,0.05842,0.058077,0.000612,0.000399,0.000544,0.000371,0.058975,0.060829,0.057951,0.000401,0.059667,0.000401,0.058096,0.059533,0.058101,0.058098,0.058717,0.058275,0.059856,0.058095,0.05269,0.0581,0.052691,0.05718
0.056916,0.059382,0.059493,0.059386,0.059418,0.059382,0.059393,0.059033,0.05934,0.057726,0.059397,0.058337,0.059375,0.057893,0.058546,0.057462,0.05511,0.013935,0.057917,0.058715,0.059453,0.058946,0.059399,0.059399,0.059399,0.013749,0.016598,0.00155,0.012808,0.013314,0.014394,0.013904,0.014142,0.009072,0.012901,0.013601,0.057504,0.016871,0.054967,0.057499,0.057776,0.05493,0.057669,0.016554,0.05762,0.013923,0.057675,0.058583,0.057901,0.058002,0.057445,0.057782,0.057644,0.057779,0.058371,0.058487,0.058644,0.058398,0.058531,0.057615,0.058491,0.058463,0.058927,0.056913,0.05849,0.058456,0.058487,0.05793,0.057607,0.05858,0.058488,0.05842,0,0.014494,0.058544,0.05849,0.058463,0.058305,0.013961,0.016658,0.013467,0.05849,0.013336,0.058489,0.013606,0.016352,0.01361,0.013607,0.013679,0.013719,0.016543,0.013604,0.013928,0.013608,0.013929,0.012901
0.05791,0.058421,0.058469,0.05832,0.058084,0.058572,0.058667,0.059003,0.058363,0.058007,0.058334,0.057851,0.058265,0.058825,0.05797,0.057584,0.056226,0.013943,0.058359,0.058639,0.05858,0.058453,0.058334,0.058335,0.058329,0.01525,0.012644,0.014944,0.015162,0.015811,0.000972,0.015715,0.016188,0.013798,0.0152,0.016275,0.058179,0.012286,0.056221,0.058128,0.058749,0.05641,0.058191,0.012123,0.058023,0.015665,0.058308,0.058125,0.058192,0.058868,0.058148,0.058411,0.058239,0.058076,0.058259,0.058154,0.058396,0.058203,0.058,0.058314,0.057969,0.058189,0.058455,0.057517,0.058157,0.058075,0.058155,0.058129,0.058378,0.058124,0.058157,0.058077,0.014494,0,0.05808,0.058158,0.058192,0.05816,0.01579,0.012801,0.015908,0.058158,0.015816,0.058159,0.015632,0.012093,0.015633,0.015632,0.015167,0.015744,0.01212,0.015629,0.013943,0.015633,0.013942,0.0152
0.005645,0.004992,0.005044,0.004876,0.004804,0.004906,0.004818,0.004583,0.004794,0.003759,0.004839,0.004592,0.004893,0.00571,0.000438,0.005922,0.006005,0.05274,0.00486,0.006436,0.004943,0.006034,0.00484,0.00484,0.004842,0.058652,0.060824,0.05796,0.057649,0.05863,0.058132,0.058801,0.059607,0.057355,0.057253,0.057906,0.003627,0.060532,0.00597,0.003882,0.003881,0.005946,0.003593,0.059869,0.00392,0.058738,0.003837,0.000576,0.003781,0.005706,0.003821,0.00387,0.00385,0.003853,0.000575,0.000504,0.000355,0.000579,0.000488,0.003848,0.000368,0.000515,0.006039,0.005678,0.000508,0.000613,0.000502,0.003872,0.003861,0.000573,0.000504,0.000612,0.058544,0.05808,0,0.000508,0.000557,0.000465,0.058968,0.060807,0.057864,0.0005,0.05953,0.0005,0.058093,0.059473,0.058097,0.058095,0.058758,0.058218,0.059897,0.058092,0.052734,0.058097,0.052735,0.057252
0.005649,0.005019,0.005104,0.004925,0.004856,0.004968,0.004871,0.004602,0.004842,0.003712,0.004886,0.004625,0.004942,0.005774,0.000434,0.005945,0.006001,0.052729,0.004618,0.006415,0.004986,0.006124,0.004888,0.004887,0.004889,0.058712,0.06087,0.057927,0.057604,0.058679,0.058084,0.058806,0.059634,0.057364,0.057227,0.057883,0.003656,0.060553,0.005967,0.003849,0.003957,0.005941,0.00362,0.059859,0.003949,0.058836,0.003782,0.000377,0.003693,0.005771,0.003788,0.003848,0.00388,0.003883,0.000374,6.00E-06,0.000353,0.000365,0.000484,0.003777,0.000364,1.30E-05,0.00613,0.005688,1.00E-06,0.0004,6.00E-06,0.003853,0.003807,0.000374,9.00E-06,0.000399,0.05849,0.058158,0.000508,0,0.000357,0.000327,0.058918,0.060831,0.057901,1.00E-05,0.059597,1.00E-05,0.05798,0.059471,0.057984,0.057981,0.058834,0.058227,0.059859,0.057979,0.052723,0.057983,0.052724,0.057227
0.005651,0.005003,0.005112,0.004901,0.004831,0.00497,0.004783,0.00459,0.004763,0.003645,0.004872,0.004584,0.004919,0.005765,0.00044,0.005999,0.005989,0.05266,0.004763,0.006474,0.00497,0.006134,0.004873,0.004873,0.004875,0.058733,0.060869,0.057915,0.057653,0.05869,0.058075,0.058856,0.059644,0.057338,0.057198,0.05793,0.003602,0.060544,0.005957,0.003794,0.003954,0.005928,0.003563,0.059873,0.003948,0.058772,0.003741,0.00055,0.003718,0.005771,0.003733,0.003843,0.003805,0.003766,0.000515,0.000352,0.000354,0.000476,0.000486,0.003716,0.000365,0.000363,0.006139,0.005695,0.000357,0.000548,0.000351,0.003785,0.003745,0.000547,0.000352,0.000544,0.058463,0.058192,0.000557,0.000357,0,0.000498,0.058952,0.060848,0.057951,0.000352,0.059578,0.000352,0.058058,0.059556,0.058064,0.058061,0.058838,0.058298,0.059859,0.058057,0.052657,0.058063,0.052657,0.057198
0.005883,0.004936,0.005067,0.004872,0.004812,0.004931,0.0048,0.004726,0.004894,0.003662,0.004903,0.004759,0.004859,0.00575,0.000404,0.006007,0.006069,0.052755,0.004697,0.00648,0.005,0.006198,0.004904,0.004903,0.004905,0.05859,0.060823,0.05793,0.05796,0.058606,0.057897,0.058821,0.059651,0.057344,0.056894,0.057892,0.003732,0.060324,0.005978,0.003959,0.00393,0.006038,0.00374,0.059714,0.004036,0.058835,0.003863,0.000422,0.003844,0.005655,0.00387,0.003905,0.004035,0.003792,0.000415,0.000322,0.000534,0.000538,0.00058,0.003838,0.000371,0.000333,0.006202,0.005966,0.000327,0.000537,0.000321,0.003786,0.003864,0.00042,0.000322,0.000371,0.058305,0.05816,0.000465,0.000327,0.000498,0,0.058957,0.060978,0.058206,0.000323,0.059568,0.000323,0.058208,0.059538,0.058213,0.058211,0.058572,0.058347,0.059721,0.058207,0.052756,0.058213,0.052757,0.056893
0.058271,0.058827,0.059312,0.059362,0.059098,0.059371,0.059278,0.059205,0.059358,0.05973,0.059308,0.058023,0.059216,0.057795,0.058896,0.057111,0.05642,0.014811,0.058613,0.059039,0.059736,0.057913,0.059308,0.05931,0.059309,0.010923,0.018121,0.014533,0.013072,0.012903,0.015482,0.014029,0.010085,0.012894,0.012351,0.005172,0.059735,0.017387,0.056461,0.059875,0.059607,0.05643,0.060001,0.017418,0.05967,0.000655,0.059906,0.059032,0.059653,0.057717,0.059902,0.059475,0.05973,0.060022,0.058937,0.058917,0.059189,0.05904,0.058848,0.059825,0.058913,0.058929,0.057917,0.057963,0.058941,0.058962,0.058917,0.059706,0.059859,0.059031,0.058917,0.058975,0.013961,0.01579,0.058968,0.058918,0.058952,0.058957,0,0.018333,0.012871,0.058919,0.013948,0.058919,0.012619,0.017592,0.012619,0.012618,0.010815,0.012559,0.017413,0.012617,0.014809,0.01262,0.014809,0.012351
0.060213,0.059008,0.059003,0.059268,0.059063,0.059042,0.059002,0.059463,0.059277,0.0618,0.059278,0.059756,0.059273,0.058106,0.060738,0.057917,0.059354,0.016981,0.060975,0.060088,0.058937,0.05936,0.059281,0.059282,0.059281,0.017548,0.000491,0.016584,0.017358,0.016942,0.012451,0.017597,0.017528,0.016856,0.017354,0.018295,0.061535,0.010593,0.059278,0.061565,0.062186,0.059196,0.061348,0.010218,0.061916,0.018354,0.061611,0.060814,0.061862,0.057941,0.061391,0.062413,0.061921,0.061727,0.061097,0.060829,0.060992,0.060913,0.060695,0.061554,0.060783,0.060838,0.059361,0.060094,0.060832,0.060846,0.060829,0.061881,0.061608,0.060812,0.06083,0.060829,0.016658,0.012801,0.060807,0.060831,0.060848,0.060978,0.018333,0,0.01747,0.060831,0.017599,0.060832,0.017028,0.010232,0.017028,0.017027,0.017559,0.01738,0.010219,0.017024,0.01698,0.017029,0.01698,0.017355
0.058325,0.057847,0.057891,0.057888,0.057883,0.05804,0.058356,0.058235,0.05785,0.058669,0.05795,0.057824,0.05805,0.058195,0.057952,0.057012,0.05732,0.015103,0.058251,0.059104,0.058619,0.057728,0.057971,0.057975,0.057972,0.012304,0.017712,0.013709,0.012885,0.001256,0.015867,0.013088,0.013015,0.013828,0.010079,0.013193,0.058174,0.017032,0.057319,0.058368,0.059127,0.057378,0.057988,0.017184,0.058509,0.012744,0.058243,0.057869,0.058228,0.058184,0.058172,0.059171,0.058356,0.058255,0.058349,0.057897,0.05784,0.058054,0.057842,0.0581,0.057894,0.057809,0.057721,0.058516,0.0579,0.057854,0.057898,0.058518,0.058275,0.057903,0.057899,0.057951,0.013467,0.015908,0.057864,0.057901,0.057951,0.058206,0.012871,0.01747,0,0.057901,0.014426,0.057901,0.000494,0.016999,0.000495,0.000494,0.012151,0.000435,0.017197,0.000491,0.015094,0.000496,0.015094,0.01008
0.005653,0.005021,0.005105,0.004927,0.004859,0.00497,0.004874,0.004606,0.004844,0.003715,0.004889,0.004627,0.004944,0.005776,0.000437,0.005947,0.006001,0.052734,0.004621,0.006416,0.004988,0.006126,0.00489,0.004889,0.004892,0.058713,0.060871,0.057929,0.057604,0.058686,0.05808,0.058807,0.059635,0.057363,0.057225,0.057883,0.003658,0.060554,0.005967,0.003851,0.00396,0.005941,0.003621,0.059858,0.003951,0.058837,0.003784,0.000379,0.003695,0.005774,0.003789,0.003851,0.003882,0.003886,0.000376,5.00E-06,0.000354,0.000368,0.000487,0.003779,0.000366,1.90E-05,0.006132,0.005692,1.00E-05,0.000402,4.00E-06,0.003856,0.003809,0.000377,5.00E-06,0.000401,0.05849,0.058158,0.0005,1.00E-05,0.000352,0.000323,0.058919,0.060831,0.057901,0,0.059596,2.00E-06,0.057981,0.05947,0.057985,0.057983,0.058834,0.058228,0.059857,0.05798,0.052729,0.057985,0.05273,0.057225
0.057863,0.05946,0.05944,0.059307,0.059248,0.059387,0.059564,0.059665,0.059216,0.059439,0.059186,0.059027,0.059251,0.05798,0.059647,0.057327,0.056725,0.01583,0.059266,0.058249,0.059099,0.058482,0.059189,0.059188,0.059188,0.013334,0.017489,0.013423,0.011564,0.013534,0.015828,0.001171,0.014151,0.01355,0.013421,0.014528,0.059628,0.017476,0.056491,0.059566,0.059562,0.056632,0.059653,0.017278,0.059626,0.013808,0.059597,0.059641,0.059835,0.05772,0.059431,0.059676,0.059813,0.059818,0.059698,0.059594,0.059677,0.059579,0.059648,0.059515,0.05956,0.059671,0.058484,0.057691,0.059597,0.059604,0.059594,0.059363,0.059522,0.05964,0.059594,0.059667,0.013336,0.015816,0.05953,0.059597,0.059578,0.059568,0.013948,0.017599,0.014426,0.059596,0,0.059595,0.014276,0.017103,0.014277,0.014275,0.013031,0.014409,0.017277,0.014274,0.015854,0.01428,0.015854,0.013422
0.005653,0.005021,0.005104,0.004927,0.004858,0.004969,0.004874,0.004606,0.004843,0.003715,0.004888,0.004627,0.004944,0.005775,0.000437,0.005946,0.006001,0.052734,0.004621,0.006416,0.004987,0.006126,0.004889,0.004889,0.004891,0.058713,0.060872,0.057928,0.057604,0.058687,0.058081,0.058808,0.059634,0.057363,0.057225,0.057882,0.003658,0.060554,0.005967,0.003851,0.00396,0.005941,0.003622,0.059857,0.003951,0.058837,0.003784,0.000379,0.003695,0.005774,0.00379,0.003851,0.003882,0.003886,0.000376,5.00E-06,0.000354,0.000368,0.000487,0.003779,0.000366,1.90E-05,0.006132,0.005692,1.00E-05,0.000402,4.00E-06,0.003856,0.003809,0.000377,5.00E-06,0.000401,0.058489,0.058159,0.0005,1.00E-05,0.000352,0.000323,0.058919,0.060832,0.057901,2.00E-06,0.059595,0,0.057981,0.05947,0.057985,0.057983,0.058835,0.058229,0.059857,0.05798,0.052729,0.057985,0.05273,0.057224
0.058317,0.057897,0.058037,0.057839,0.057727,0.058097,0.058135,0.057986,0.057852,0.058613,0.057805,0.057886,0.057887,0.058046,0.058009,0.056895,0.057084,0.014681,0.058297,0.059129,0.058523,0.057327,0.057826,0.057828,0.057825,0.012085,0.017244,0.013489,0.012663,0.000985,0.015802,0.013247,0.013051,0.013427,0.010053,0.012861,0.058405,0.017033,0.05716,0.058499,0.058819,0.057208,0.058283,0.016929,0.058484,0.012506,0.058559,0.058076,0.058422,0.057906,0.058453,0.058902,0.058562,0.058526,0.058384,0.057976,0.057632,0.05808,0.058039,0.058382,0.057955,0.058016,0.057329,0.058419,0.057979,0.058026,0.057977,0.0585,0.058532,0.058074,0.057978,0.058096,0.013606,0.015632,0.058093,0.05798,0.058058,0.058208,0.012619,0.017028,0.000494,0.057981,0.014276,0.057981,0,0.016719,7.00E-06,5.00E-06,0.012142,0.000556,0.016942,2.00E-06,0.01467,8.00E-06,0.01467,0.010053
0.058336,0.0594,0.059643,0.059367,0.059292,0.059426,0.059484,0.059252,0.059417,0.0601,0.059405,0.058907,0.059273,0.058367,0.05947,0.057468,0.057991,0.015992,0.059525,0.058211,0.059393,0.058266,0.059404,0.059404,0.059405,0.016587,0.01022,0.015819,0.016551,0.017499,0.012298,0.017086,0.017388,0.016084,0.01627,0.017561,0.059891,0.006352,0.057991,0.059949,0.060605,0.058003,0.059928,0.000672,0.060289,0.017497,0.060063,0.059312,0.060047,0.05806,0.059626,0.06055,0.060101,0.06009,0.059686,0.059469,0.059656,0.059479,0.059696,0.059943,0.059511,0.05949,0.058267,0.058074,0.059472,0.059594,0.059469,0.060002,0.05999,0.059311,0.059471,0.059533,0.016352,0.012093,0.059473,0.059471,0.059556,0.059538,0.017592,0.010232,0.016999,0.05947,0.017103,0.05947,0.016719,0,0.016723,0.01672,0.016615,0.016828,0.000668,0.016717,0.015986,0.016723,0.015986,0.016271
0.058316,0.057908,0.058032,0.057851,0.05773,0.058109,0.058136,0.05799,0.057865,0.058616,0.0578,0.057892,0.05789,0.058049,0.058015,0.056887,0.057086,0.014684,0.058301,0.059129,0.058523,0.057328,0.057838,0.05784,0.057837,0.01209,0.017244,0.01349,0.012668,0.000988,0.015803,0.013249,0.013054,0.01343,0.010054,0.012862,0.05841,0.01703,0.057162,0.058503,0.058823,0.05721,0.058288,0.01693,0.058487,0.012506,0.058562,0.05808,0.058426,0.0579,0.058458,0.058906,0.058566,0.058529,0.058388,0.05798,0.057638,0.058085,0.058045,0.058385,0.057961,0.05802,0.05733,0.058419,0.057983,0.058031,0.057981,0.058504,0.058535,0.058078,0.057982,0.058101,0.01361,0.015633,0.058097,0.057984,0.058064,0.058213,0.012619,0.017028,0.000495,0.057985,0.014277,0.057985,7.00E-06,0.016723,0,4.00E-06,0.012146,0.000552,0.016943,5.00E-06,0.014674,6.00E-06,0.014673,0.010054
0.058316,0.057898,0.058039,0.057841,0.057729,0.058099,0.058135,0.057988,0.057854,0.058613,0.057807,0.057889,0.057888,0.058048,0.058013,0.056886,0.057085,0.014683,0.058299,0.059129,0.058523,0.057328,0.057828,0.057829,0.057826,0.012088,0.017243,0.013488,0.012667,0.000987,0.015802,0.013246,0.013052,0.013428,0.010052,0.01286,0.058407,0.017034,0.057162,0.058501,0.058821,0.05721,0.058285,0.016928,0.058485,0.012505,0.058559,0.058078,0.058423,0.057907,0.058455,0.058903,0.058563,0.058527,0.058386,0.057978,0.057636,0.058082,0.058042,0.058383,0.057959,0.058018,0.057329,0.058418,0.057981,0.058029,0.057979,0.058501,0.058532,0.058076,0.05798,0.058098,0.013607,0.015632,0.058095,0.057981,0.058061,0.058211,0.012618,0.017027,0.000494,0.057983,0.014275,0.057983,5.00E-06,0.01672,4.00E-06,0,0.012144,0.000552,0.016941,3.00E-06,0.014673,3.00E-06,0.014673,0.010053
0.058883,0.059395,0.059172,0.058942,0.058936,0.059008,0.0589,0.058893,0.058849,0.059195,0.058848,0.058728,0.058986,0.057846,0.058777,0.057708,0.057209,0.014437,0.059414,0.057817,0.058828,0.057621,0.058849,0.058848,0.058848,0.000363,0.017393,0.01326,0.012404,0.012775,0.015207,0.013083,0.011305,0.012994,0.010994,0.011571,0.059201,0.016856,0.057294,0.059367,0.059185,0.057224,0.059223,0.016633,0.059232,0.010805,0.059426,0.058613,0.059048,0.057867,0.059253,0.0592,0.059153,0.059042,0.05851,0.05883,0.05823,0.058837,0.058832,0.059388,0.058687,0.058864,0.057637,0.058767,0.058834,0.058785,0.058832,0.059341,0.059412,0.058612,0.058834,0.058717,0.013679,0.015167,0.058758,0.058834,0.058838,0.058572,0.010815,0.017559,0.012151,0.058834,0.013031,0.058835,0.012142,0.016615,0.012146,0.012144,0,0.012154,0.016626,0.012141,0.014452,0.012146,0.014453,0.010994
0.058502,0.057958,0.057952,0.057935,0.057805,0.057809,0.058055,0.058383,0.057848,0.05905,0.057908,0.058192,0.057919,0.058315,0.058225,0.056529,0.057545,0.014992,0.058648,0.058907,0.058051,0.057263,0.057909,0.057909,0.057908,0.012285,0.017478,0.013741,0.012917,0.001216,0.015685,0.013221,0.013187,0.013454,0.010113,0.012963,0.058597,0.017161,0.057502,0.058813,0.059295,0.057616,0.058655,0.017025,0.058808,0.012527,0.058587,0.058358,0.058599,0.058326,0.058633,0.059322,0.05876,0.05883,0.058518,0.058224,0.058087,0.058422,0.058181,0.05863,0.058169,0.058205,0.057265,0.058713,0.058227,0.058238,0.058225,0.058968,0.058742,0.058356,0.058226,0.058275,0.013719,0.015744,0.058218,0.058227,0.058298,0.058347,0.012559,0.01738,0.000435,0.058228,0.014409,0.058229,0.000556,0.016828,0.000552,0.000552,0.012154,0,0.017042,0.000554,0.014985,0.000555,0.014984,0.010114
0.058314,0.05948,0.05936,0.059176,0.059047,0.05941,0.05937,0.05961,0.059261,0.059877,0.059254,0.058847,0.059181,0.058466,0.059712,0.057527,0.05757,0.015838,0.05978,0.05789,0.059109,0.057917,0.059252,0.059254,0.059253,0.016561,0.010227,0.015753,0.016422,0.017611,0.012249,0.017092,0.017421,0.016002,0.015989,0.01767,0.059973,0.006287,0.057479,0.060037,0.060242,0.057709,0.060095,2.10E-05,0.060039,0.017463,0.06007,0.059673,0.060164,0.05859,0.060017,0.060343,0.059938,0.060052,0.059652,0.059855,0.059522,0.059831,0.059756,0.060094,0.059676,0.059886,0.057931,0.05817,0.059859,0.059869,0.059856,0.06002,0.060173,0.059676,0.059857,0.059856,0.016543,0.01212,0.059897,0.059859,0.059859,0.059721,0.017413,0.010219,0.017197,0.059857,0.017277,0.059857,0.016942,0.000668,0.016943,0.016941,0.016626,0.017042,0,0.016939,0.015834,0.016943,0.015834,0.01599
0.058314,0.057895,0.058036,0.057837,0.057726,0.058096,0.058133,0.057985,0.05785,0.058611,0.057803,0.057886,0.057885,0.058044,0.058009,0.056894,0.057083,0.014681,0.058296,0.059127,0.058521,0.057325,0.057824,0.057826,0.057823,0.012084,0.017241,0.013486,0.012661,0.000984,0.0158,0.013244,0.013049,0.013425,0.01005,0.012858,0.058404,0.017031,0.057159,0.058498,0.058818,0.057207,0.058282,0.016926,0.058482,0.012504,0.058557,0.058075,0.058421,0.057904,0.058451,0.058901,0.058561,0.058524,0.058383,0.057975,0.057632,0.058079,0.058039,0.05838,0.057956,0.058015,0.057327,0.058416,0.057978,0.058025,0.057976,0.058499,0.05853,0.058073,0.057977,0.058095,0.013604,0.015629,0.058092,0.057979,0.058057,0.058207,0.012617,0.017024,0.000491,0.05798,0.014274,0.05798,2.00E-06,0.016717,5.00E-06,3.00E-06,0.012141,0.000554,0.016939,0,0.014671,5.00E-06,0.01467,0.010051
0.052289,0.052878,0.052763,0.052927,0.052698,0.052668,0.052618,0.053489,0.053121,0.053133,0.053029,0.052434,0.052936,0.051163,0.052588,0.051033,0.049831,6.00E-06,0.053336,0.052573,0.052753,0.052425,0.05306,0.053062,0.053058,0.014405,0.016778,0.014457,0.014179,0.015529,0.014131,0.015403,0.015857,0.013721,0.014629,0.015248,0.053253,0.016085,0.049649,0.053414,0.053324,0.049829,0.053135,0.015837,0.05327,0.014771,0.053223,0.052709,0.052968,0.05129,0.053195,0.053172,0.053537,0.052991,0.052707,0.052722,0.053131,0.052654,0.052754,0.053037,0.05266,0.052735,0.052427,0.052371,0.052723,0.052661,0.052721,0.053139,0.053087,0.052707,0.052723,0.05269,0.013928,0.013943,0.052734,0.052723,0.052657,0.052756,0.014809,0.01698,0.015094,0.052729,0.015854,0.052729,0.01467,0.015986,0.014674,0.014673,0.014452,0.014985,0.015834,0.014671,0,0.014674,1.00E-06,0.014628
0.058272,0.057899,0.05804,0.057842,0.057731,0.058101,0.058137,0.05799,0.057855,0.058616,0.057808,0.057892,0.05789,0.058049,0.058015,0.056886,0.057086,0.014685,0.058299,0.059132,0.058524,0.05733,0.057829,0.057831,0.057828,0.01209,0.017246,0.013489,0.012668,0.00099,0.015803,0.013249,0.013055,0.013431,0.010054,0.012862,0.05841,0.017036,0.057163,0.058504,0.058824,0.05721,0.058287,0.01693,0.058488,0.012507,0.058561,0.05808,0.058425,0.057907,0.058458,0.058906,0.058566,0.058529,0.058388,0.05798,0.057638,0.058084,0.058044,0.058385,0.057961,0.05802,0.057331,0.05842,0.057983,0.058031,0.057981,0.058504,0.058535,0.058078,0.057982,0.0581,0.013608,0.015633,0.058097,0.057983,0.058063,0.058213,0.01262,0.017029,0.000496,0.057985,0.01428,0.057985,8.00E-06,0.016723,6.00E-06,3.00E-06,0.012146,0.000555,0.016943,5.00E-06,0.014674,0,0.014674,0.010054
0.05229,0.052877,0.052763,0.052926,0.052698,0.052668,0.052617,0.053489,0.053121,0.053134,0.053028,0.052434,0.052936,0.051162,0.052589,0.051032,0.049831,6.00E-06,0.053336,0.052572,0.052752,0.052424,0.05306,0.053061,0.053058,0.014406,0.016779,0.014457,0.014179,0.015529,0.01413,0.015404,0.015858,0.013722,0.014629,0.015249,0.053255,0.016085,0.04965,0.053415,0.053325,0.04983,0.053136,0.015837,0.053271,0.01477,0.053224,0.05271,0.052969,0.05129,0.053196,0.053173,0.053539,0.052993,0.052708,0.052722,0.053132,0.052655,0.052754,0.053039,0.05266,0.052736,0.052426,0.052372,0.052724,0.052662,0.052722,0.05314,0.053088,0.052708,0.052723,0.052691,0.013929,0.013942,0.052735,0.052724,0.052657,0.052757,0.014809,0.01698,0.015094,0.05273,0.015854,0.05273,0.01467,0.015986,0.014673,0.014673,0.014453,0.014984,0.015834,0.01467,1.00E-06,0.014674,0,0.014628
0.05912,0.060312,0.060381,0.060244,0.060238,0.060267,0.060374,0.059722,0.060235,0.057659,0.060271,0.058152,0.060263,0.059381,0.05758,0.05866,0.056045,0.014628,0.058347,0.060169,0.060184,0.05848,0.06027,0.060271,0.060269,0.011103,0.017426,0.012692,0.01266,0.010291,0.015291,0.013236,0.013037,0.012802,1.00E-06,0.012525,0.057404,0.0164,0.055989,0.057526,0.057476,0.055853,0.057417,0.015963,0.057527,0.012118,0.057809,0.057083,0.057517,0.059395,0.057387,0.057512,0.05733,0.057573,0.05699,0.057222,0.057617,0.057029,0.057585,0.057662,0.057392,0.057255,0.058497,0.05914,0.057226,0.057203,0.057222,0.057519,0.057697,0.057079,0.057224,0.05718,0.012901,0.0152,0.057252,0.057227,0.057198,0.056893,0.012351,0.017355,0.01008,0.057225,0.013422,0.057224,0.010053,0.016271,0.010054,0.010053,0.010994,0.010114,0.01599,0.010051,0.014628,0.010054,0.014628,0
